-15330	-15330
-32768	-32768
-32768	-32768
-32768	-32768
-2984	-2984
7850	7850
-32768	-32768
-32768	-32768
32767	32767
32767	32767
-21065	-21065
14874	14874
16165	16165
-32768	-32768
-32768	-32768
32767	32767
-15854	-15854
-1607	-1607
32767	32767
32767	32767
28698	28698
32767	32767
-29855	-29855
-32768	-32768
-32768	-32768
-19723	-19723
-32768	-32768
-32768	-32768
-20605	-20605
32767	32767
32767	32767
-32768	-32768
-16210	-16210
-30090	-30090
-32768	-32768
-7760	-7760
-32768	-32768
-12796	-12796
32767	32767
-19077	-19077
-82	-82
-9423	-9423
-2882	-2882
12427	12427
3538	3538
-32768	-32768
-513	-513
32767	32767
16835	16835
11337	11337
32767	32767
-32768	-32768
32767	32767
-32768	-32768
-23744	-23744
-24393	-24393
-32768	-32768
32767	32767
32767	32767
32767	32767
-32740	-32740
-1870	-1870
32767	32767
-23964	-23964
-32768	-32768
-32768	-32768
-32768	-32768
32767	32767
-32768	-32768
32767	32767
32767	32767
-32768	-32768
32767	32767
-32768	-32768
-32768	-32768
-32768	-32768
-3522	-3522
-32768	-32768
-32768	-32768
-32768	-32768
32767	32767
32767	32767
-32768	-32768
-32768	-32768
-31628	-31628
-25755	-25755
-32768	-32768
-32768	-32768
20768	20768
13214	13214
-32768	-32768
-32768	-32768
32767	32767
32767	32767
32767	32767
461637	26814
461662	27858
461673	32767
461723	32767
465408	32767
466727	-32768
466818	15945
467314	-9251
468285	-32768
468983	7071
508970	-15498
509020	32767
673466	-12378
712091	-5121
712133	-5447
712487	-4709
812518	20755
812547	-24194
812964	-16249
813093	10353
819922	-5303
849648	-32768
864981	-32768
865074	32767
865133	-32768
866128	32767
904639	-1187
913715 -32768
913768 -32768
913872 -7975
914524 4137
914569 -32768
914616 -32768
915136 32767
915177 -32768
919000 32767
919015 32767
1108344	-32768
1108359	-32768
1109225	12920
1109266	-32768
1109323	1161
1109356	-32768
1109732	9616
1111405	18575
1111618	-21170
1111653	16006
1115879	-7746
1196205	-32768
1221285	32767
1221296	32767
1221357	-32768
1475571	21593
1476068	-32768
1568345	1346
1568373	-32768
1568409	-32768
1568474	6795
1568550	11097
1571598	-4121
1602019	-32768
1603023	7731
1714179	-32768
1714302	32767
1745497	-32768
1778779	32767
1778791	-12999
1778810	-12757
1778819	32767
1778828	-6134
1778877	-32768
1778956	-13766
1778992	32767
1779087	-16547
1779097	-21116
1779108	32767
1988902	-2117
1988914	32767
1988932	5251
1988939	-7272
1988956	32767
1988995	-6807
1989019	32767
1989055	-16348
1992726	-13226
1996418	-63
1997524	-3886
1997540	-12351
1997561	32767
2082678	-32768
2082718	32767
2082749	-32768
2082806	-32768
2082824	-24169
2088507	32258
2583744	-4079
2739859	-15075
2740163	2290
2740309	-32768
2740416	-32768
2740434	32767
2740460	-4002
2740485	32767
2740527	-32768
3525647	-2744
3525665	1500
3525681	6215
3600067	-550
3600434	-527
3600844	-480
3601217	-324
3601622	-215
3602017	-255
3602437	-301
3602812	384
3603184	819
3603559	1044
3603977	880
3604382	451
3604811	203
3605215	133
3605631	141
3606024	249
3606426	265
3606823	62
3607244	70
3607646	135
3608062	101
3608458	144
3608873	125
3609261	148
3609660	77
3610041	68
3610431	17
3610814	276
3611205	287
3611603	165
3611988	90
3612375	118
3612758	141
3613142	122
3613444	121
3613844	62
3614222	227
3614602	271
3614996	104
3615374	15
3615768	16
3616149	140
3616545	114
3616896	103
3617276	73
3617655	286
3618038	469
3618424	275
3618773	77
3619175	28
3619565	30
3619965	-7
3620356	4
3620772	41
3621100	22
3621487	88
3621903	237
3622312	169
3622724	71
3623142	15
3623532	107
3623922	111
3624310	64
3624695	97
3625090	384
3625445	281
3625854	50
3626243	-79
3626632	104
3627024	202
3627417	96
3627799	16
3628196	4
3628574	15
3628959	16
3629334	34
3629711	44
3630090	13
3630478	252
3630880	311
3631261	130
3631668	-32
3631987	-58
3632253	174
3632683	575
3633120	307
3633560	2
3633984	6
3634409	31
3634809	12
3635219	-53
3635622	-45
3636016	89
3636421	111
3636805	79
3637204	-20
3637587	-40
3637993	319
3638366	286
3638764	92
3639101	-3
3639520	62
3639900	50
3640291	20
3640665	-21
3641062	-35
3641471	-42
3641851	99
3642268	184
3642636	148
3643029	50
3643408	15
3643819	146
3644193	84
3644595	30
3644984	20
3645382	84
3645772	60
3646157	44
3646504	24
3646830	26
3647274	39
3647676	49
3648084	71
3648477	101
3648888	219
3649284	194
3649673	85
3650033	30
3650440	228
3650835	405
3651227	188
3651590	111
3651973	148
3652348	64
3652757	-7
3653132	-24
3653517	24
3653887	63
3654256	414
3654652	289
3655004	115
3655416	-45
3655779	-18
3656140	-13
3656511	-134
3656897	108
3657275	354
3657678	513
3658077	337
3658485	79
3658878	117
3659276	406
3659677	228
3660054	99
3660436	17
3660732	20
3661164	-38
3661555	-112
3661952	-147
3662342	-129
3662737	-71
3663120	-40
3663507	6
3663904	13
3664293	-362
3664698	-313
3665069	96
3665436	-68
3665822	194
3666189	84
3666580	-632
3666950	-87
3667333	17
3667678	-177
3668068	-142
3668454	-78
3668827	-218
3669232	-557
3669612	86
3670016	-23
3670284	-49
3670760	1070
3671165	720
3671580	413
3671985	334
3672373	125
3672778	121
3673177	216
3673601	367
3673989	241
3674380	140
3674753	1
3675148	-54
3675525	64
3675927	363
3676311	334
3676698	143
3677082	67
3677482	-322
3677888	-51
3678200	213
3678632	311
3679037	323
3679418	151
3679680	297
3680139	651
3680538	321
3680974	39
3681377	37
3681801	6
3682176	13
3682591	19
3682979	-210
3683364	639
3683783	683
3684188	334
3684603	112
3685005	49
3685406	1
3685789	203
3686184	366
3686577	186
3686992	124
3687378	95
3687766	126
3688163	100
3688592	96
3688983	37
3689369	39
3689766	-20
3690145	-5
3690522	-2
3690897	44
3691252	176
3691555	439
3691996	547
3692406	252
3692845	27
3693236	-7
3693639	-34
3694033	-6
3694446	232
3694833	155
3695233	42
3695584	1
3696006	44
3696387	74
3696823	24
3697199	-14
3697600	22
3698003	-2
3698387	119
3698796	150
3699186	60
3699571	-34
3699934	-17
3700342	-24
3700704	23
3701089	130
3701488	107
3701880	62
3702283	86
3702664	111
3703062	100
3703406	59
3703791	11
3704179	22
3704559	85
3704955	124
3705345	132
3705727	92
3706119	50
3706519	99
3706929	68
3707330	17
3707719	-34
3708129	71
3708504	206
3708895	139
3709183	70
3709421	39
3709652	115
3710064	128
3710303	-94
3710522	-101
3710737	124
3710949	147
3711169	184
3711418	179
3711782	192
3712039	315
3712268	395
3712526	387
3712942	220
3713308	-47
3714072	-625
3714436	-1665
3714824	188
3715225	-198
3716016	-348
3716395	66
3716807	-860
3717163	-2705
3717587	1026
3717979	1049
3718359	866
3718787	633
3719172	304
3719576	443
3719978	462
3720406	281
3720767	232
3721190	212
3721584	135
3722007	38
3722405	62
3722797	90
3723171	97
3723533	177
3723963	173
3724369	101
3724799	64
3725146	170
3725560	598
3725975	399
3726411	140
3726817	143
3727228	50
3727622	26
3728035	56
3728397	35
3728811	50
3729174	-284
3729550	-714
3729944	-429
3730337	-170
3730722	312
3731122	322
3731510	271
3731917	294
3732288	326
3732699	221
3733077	-1702
3733460	-1079
3733850	114
3734165	265
3734977	-2409
3735402	1324
3735785	356
3736194	445
3736629	221
3737467	276
3737858	-125
3738264	-198
3738650	-302
3739054	-320
3739449	-23
3739868	-779
3740268	-895
3740676	-530
3741066	-1300
3741480	4
3741847	788
3742238	-91
3742619	-563
3743006	-874
3743408	-619
3743781	-891
3744185	-1304
3744566	-969
3744975	-1107
3745349	-954
3745757	-928
3746150	-632
3746546	-942
3746930	-521
3747335	-531
3747718	-506
3748109	-407
3748498	-160
3748893	-323
3749270	-134
3749673	-91
3750072	48
3750485	-116
3750874	41
3751283	-251
3751661	-185
3752061	97
3752414	-115
3752789	-481
3753166	-222
3753542	-277
3753944	-35
3754337	158
3754728	139
3755539	580
3755809	869
3756240	3143
3756637	2838
3757066	1427
3757444	-1698
3757863	-1573
3758253	917
3758658	544
3759047	1817
3759449	1434
3759844	1271
3760241	6
3760617	1034
3760998	399
3761371	100
3761774	1176
3762150	956
3762539	713
3762907	330
3763187	157
3763711	322
3763934	289
3764152	-246
3764375	-45
3764783	588
3765038	169
3765270	497
3765501	785
3765731	-1212
3765952	-1445
3766446	163
3766850	766
3767247	197
3767637	-1873
3768052	-1821
3768438	-1861
3768741	-1830
3768982	-1305
3769199	-1815
3769410	-1192
3769617	-1100
3769856	-1030
3770077	-1079
3770328	-899
3770557	-581
3770781	-279
3771026	-842
3771419	-864
3771666	-942
3772101	-922
3772515	-723
3772888	-779
3773290	-672
3773659	-182
3774071	-505
3774449	-592
3774842	-105
3775123	-193
3775369	-203
3775609	221
3776025	863
3776303	913
3776738	1131
3777160	1212
3777580	1799
3777860	3043
3778352	2556
3778783	847
3779235	1605
3779667	1298
3780092	950
3780524	738
3780937	739
3781737	-791
3782907	-780
3783290	-9
3783622	-366
3784463	1326
3784840	1286
3785248	806
3785623	-198
3786388	917
3786759	614
3787165	-1573
3787946	-616
3789114	766
3789484	119
3789882	504
3790268	-1103
3790664	-1119
3791007	1067
3791706	807
3792113	-2088
3792569	923
3792978	840
3793424	-82
3793817	-1669
3794237	1033
3794576	220
3795007	715
3795425	738
3796264	972
3796708	745
3797508	672
3797910	577
3798294	493
3798681	427
3799049	435
3799811	221
3800171	172
3800560	265
3800952	267
3801367	248
3801758	66
3802123	-4833
3802188	-4958
3802360	744
3802574	1066
3802783	1416
3803004	2448
3803497	1021
3804511	-422
3804918	-1822
3805739	-647
3806151	172
3806574	286
3806977	39
3807411	-615
3807760	-789
3808043	-156
3808335	-779
3808781	381
3809654	-180
3809897	315
3810137	-842
3810357	417
3810581	345
3810792	1353
3811245	-122
3811705	-1139
3813384	180
3813800	870
3814212	155
3814554	533
3814961	-535
3815365	-568
3815795	-1420
3816191	238
3816614	250
3817017	-1653
3817410	-925
3817810	1139
3817823	-42
3818215	-791
3818626	-842
3819414	-1132
3819794	-878
3820178	-1468
3820570	1128
3821361	67
3821698	351
3821768	57
3822091	-851
3822480	-268
3823297	11
3823652	575
3824041	49
3824424	-688
3824814	-1274
3825206	997
3825221	53
3825362	-585
3825408	548
3825626	-93
3826040	-1119
3826838	-242
3827404	-2005
3827644	-2110
3828016	405
3828357	228
3828730	-221
3828743	482
3829112	214
3829495	1304
3829896	-213
3830259	128
3830274	-1208
3830616	728
3830629	1558
3830898	1820
3830916	-655
3831402	387
3831678	1045
3832105	1450
3832892	-3218
3833259	-1440
3833937	734
3833976	-112
3834003	-180
3834030	-27
3834049	406
3834858	1197
3835257	453
3836067	-2496
3836103	-2154
3836122	-231
3836189	1679
3836473	-1639
3836840	-1030
3837175	-768
3837232	-712
3837585	380
3837916	563
3838036	-10
3838064	-53
3838298	1008
3838463	-546
3838897	191
3839547	2837
3839665	866
3840034	-1411
3840331	-721
3840735	-2241
3841532	-1581
3841903	-528
3842312	-2
3842673	-1457
3843471	-779
3843845	-1416
3844257	-430
3844645	562
3845046	-294
3845412	-1438
3845812	1642
3845825	1814
3846193	12
3846311	-871
3846580	410
3846974	1187
3847360	960
3847764	70
3848048	-23
3848804	589
3849215	1140
3849607	-404
3849974	-841
3850373	-1049
3850738	81
3851117	800
3851487	1256
3851788	257
3852039	1132
3852279	438
3852436	232
3852504	278
3852702	-1522
3852720	-1034
3852936	-1636
3853546	1072
3853799	-925
3853833	-936
3854038	2000
3854257	1249
3854468	2258
3854663	1492
3854678	1384
3855105	642
3856329	-1366
3856735	-662
3856950	-833
3857004	-1046
3857555	66
3857953	1984
3858761	967
3859044	414
3859480	-827
3859625	-384
3859759	-914
3859797	-2066
3859821	-352
3859889	1423
3860360	-1741
3860728	1860
3861104	345
3861149	-1624
3861545	-1429
3861917	-552
3862332	957
3862718	73
3863142	471
3863536	-435
3863705	676
3863767	-1388
3863788	-450
3863865	1123
3863877	1384
3863964	-699
3864347	-1432
3864400	-1242
3864415	-809
3864427	-979
3864595	1620
3864621	-191
3864764	121
3865149	-1004
3865535	-1413
3865936	-1879
3866311	136
3866695	1512
3867066	782
3867078	1687
3867468	1849
3868636	1886
3869010	-130
3869799	792
3870958	-610
3871730	27
3872118	1190
3872503	655
3872853	-521
3873261	-337
3874051	1477
3874439	1011
3874836	-17
3875026	33
3875041	-1423
3875228	59
3875272	-969
3875537	154
3875624	-1749
3875833	-1982
3876006	-1194
3876097	-1592
3876233	-1829
3876255	-889
3876741	190
3876817	-2624
3876983	-694
3877046	505
3877150	-2880
3877163	-3392
3877947	2156
3878326	1766
3878710	613
3879129	81
3879513	-125
3879525	352
3880763	-418
3881145	886
3881548	239
3881946	-1045
3882339	210
3883438	972
3883833	-933
3884219	1563
3884608	1671
3885448	-506
3885539	-1560
3885867	-2074
3886283	-262
3886697	-31
3887132	301
3887523	764
3887945	-610
3888336	126
3888738	-871
3888750	-1037
3889923	-1626
3890321	-517
3891111	-940
3891535	1555
3891882	-661
3892265	529
3893034	-1990
3893412	792
3893777	2160
3894187	1953
3894974	563
3895359	1051
3896156	-565
3896583	956
3896954	-1547
3897336	-590
3897719	-754
3898032	-367
3898807	599
3899235	253
3899643	972
3900059	-410
3900432	1309
3900804	59
3901273	-65
3901500	1664
3901821	1452
3902275	1158
3902715	914
3903147	779
3903554	650
3903982	635
3904387	569
3904806	230
3905218	-247
3906015	475
3906393	-142
3906813	1095
3907175	559
3907605	169
3908798	434
3909048	935
3909503	697
3909915	629
3910359	687
3911216	-692
3911610	-1082
3912445	584
3912858	461
3913251	438
3913660	-182
3914053	-1192
3914432	-1345
3914816	15
3915202	-1299
3915589	329
3915965	-200
3916377	1649
3916761	1499
3917147	326
3917547	-87
3917964	89
3918325	-207
3918338	-838
3918745	573
3919134	727
3919545	857
3919870	570
3920265	-637
3920543	-1560
3920775	380
3920997	-805
3921230	-253
3922141	-1092
3923005	1288
3923440	-39
3924269	-1265
3924670	1178
3925497	509
3926286	1255
3926649	1248
3927062	-512
3927453	737
3927875	458
3928282	737
3928685	534
3929087	-1679
3929447	1040
3929850	924
3930232	671
3930648	-1230
3930958	-833
3931362	-61
3931775	168
3932177	325
3932594	-1126
3933387	68
3933765	-244
3934180	-607
3934568	-1337
3934978	-1128
3935363	1788
3935749	755
3936149	1271
3936545	764
3936955	642
3937757	-127
3938108	-1465
3938909	-1589
3939322	-1239
3939724	338
3940118	784
3940928	666
3941337	-213
3942102	314
3942496	-313
3942885	-371
3943262	373
3943641	112
3944041	967
3944426	270
3944858	-1460
3945234	-1165
3945626	-1030
3946038	-439
3946425	-896
3946835	-574
3947143	265
3947571	-625
3947950	-368
3948360	-180
3948752	-490
3949147	293
3949558	-1168
3950345	629
3950635	1193
3951054	1012
3951451	-450
3951847	416
3952232	1048
3952623	624
3953037	52
3953405	-173
3953820	1114
3954199	-20
3954601	1092
3954979	702
3955385	658
3955754	442
3956120	146
3956529	128
3956893	124
3957204	194
3957449	993
3957685	-273
3957916	405
3958179	-244
3958648	367
3959100	923
3959526	216
3959947	1886
3960382	1398
3960793	361
3961222	672
3961635	-246
3962051	1051
3962463	-47
3962857	-1785
3963268	649
3963643	-298
3963897	1069
3964130	695
3964803	181
3965254	60
3965699	-116
3966130	588
3966534	-392
3966969	-47
3967372	-559
3967777	158
3968173	497
3968570	1205
3968970	1224
3969344	-20
3969759	-965
3970167	-616
3970600	-1385
3970988	-787
3971407	-28
3971789	-306
3972198	1850
3972572	1331
3972972	1387
3973344	591
3973737	766
3974131	30
3974512	-762
3974923	-269
3975311	498
3975728	-539
3976101	-215
3976500	-262
3976897	-516
3977269	-164
3977653	-349
3978008	-462
3978344	-524
3978752	-549
3979157	-203
3979578	881
3980384	-633
3980777	-269
3981173	-217
3981589	-1015
3981972	1641
3982373	1795
3982783	-796
3983074	654
3983484	818
3983916	172
3984316	148
3984752	-626
3985151	-707
3985552	-326
3985946	-87
3986362	26
3986794	-36
3987212	349
3987645	-280
3988040	-43
3988453	1776
3988832	-97
3989231	1409
3989630	1096
3990715	-279
3991113	-621
3991889	228
3992275	2441
3992616	-393
3993028	-166
3993324	-109
3993775	159
3994156	-785
3994582	-568
3994967	778
3995365	55
3995751	-869
3996120	-1231
3996523	-5
3996925	-913
3997326	440
3997727	-140
3998530	-1913
3998936	-1100
3999321	212
3999705	840
4000079	85
4000485	1989
4000883	-486
4001290	370
4001698	337
4002050	271
4002466	1080
4002867	657
4003302	-112
4003695	12
4004094	1460
4004532	-1034
4004905	-1389
4005333	-1450
4005737	-1312
4006168	-746
4006530	-404
4007349	-265
4007763	891
4008168	108
4008577	-1322
4008950	-1462
4009343	-988
4009753	-236
4010154	-1033
4010422	-506
4010706	-869
4011158	235
4011580	-557
4012017	-764
4012410	-903
4012827	-856
4013215	-459
4013611	-18
4014015	1484
4014384	1569
4014793	1263
4015174	683
4015578	537
4015848	578
4016287	370
4016692	-1559
4017127	-470
4017537	-454
4017945	-220
4018333	-1034
4018754	-1129
4019129	-1203
4019529	-749
4019926	-510
4020318	-688
4020710	-867
4021084	-1187
4021513	-166
4021888	479
4022202	892
4022641	2400
4023006	282
4023395	-757
4023783	-450
4024076	-331
4024494	383
4024894	622
4025307	1282
4025711	1318
4026139	693
4026531	2582
4026952	1697
4027322	1814
4027718	866
4028126	-367
4028517	-401
4028933	-46
4029321	73
4029715	857
4030093	140
4030505	-160
4030895	-75
4031301	396
4031712	272
4032128	574
4032561	502
4032966	817
4033400	1573
4033795	584
4034208	482
4034609	334
4034997	-13
4035412	71
4035794	81
4036207	504
4036444	603
4036665	613
4036879	719
4037104	669
4037537	344
4037988	344
4038438	897
4038838	699
4039259	121
4039656	-23
4040082	343
4040484	316
4040898	281
4041319	363
4041719	338
4042102	345
4042342	381
4042594	372
4043065	491
4043514	90
4043932	112
4044380	241
4044789	212
4045217	389
4045627	323
4046023	176
4046429	285
4046818	425
4047225	294
4047521	336
4047938	-260
4048321	132
4048744	275
4049164	252
4049560	607
4094089	173
4094599	5885
4094622	14283
4500272	11
4500669	0
4501094	8
4501482	15
4501911	28
4502302	35
4502696	78
4503111	88
4503506	34
4503916	24
4504309	71
4504676	88
4505079	42
4505456	84
4505854	55
4506241	0
4506610	46
4507008	6
4507377	-7
4507755	-94
4508136	-75
4508465	-53
4508886	-166
4509285	-89
4509727	-122
4510129	-131
4510555	-75
4510934	-27
4511360	48
4511765	147
4512177	52
4512512	42
4512752	-14
4512976	-163
4513437	-233
4513902	-82
4514339	111
4514807	214
4515229	212
4515683	168
4516089	12
4516500	20
4516928	52
4517326	165
4517738	62
4518121	-6
4518528	-242
4518926	-250
4519308	-153
4519727	-38
4520123	-23
4520516	44
4520883	-3
4521264	107
4521668	24
4522032	-113
4522288	84
4522517	37
4522773	-85
4523167	-90
4523640	-140
4524087	28
4524516	106
4524931	-152
4525340	-45
4525782	19
4526181	11
4526602	147
4527009	216
4527416	252
4527841	-7
4528223	-115
4528654	-140
4529053	48
4529459	170
4529865	165
4530263	106
4530675	-144
4531058	-80
4531464	106
4531854	106
4532209	-152
4532624	-207
4533004	-215
4533375	-156
4533755	-17
4534042	128
4534430	100
4534811	169
4535186	206
4535589	264
4535965	292
4536366	261
4536743	263
4537155	242
4537529	188
4537931	37
4538322	-82
4538696	-39
4539109	97
4539492	74
4539892	38
4540296	16
4540684	52
4541084	45
4541457	38
4541845	33
4542243	-173
4542635	-54
4543073	35
4543477	151
4543902	227
4544296	162
4544708	137
4545115	49
4545495	-211
4545916	-192
4546294	-159
4546718	-25
4547126	99
4547530	172
4547931	-49
4548352	-25
4548745	-40
4549150	-173
4549582	26
4549956	85
4550383	-116
4550787	5
4551211	26
4551589	114
4552024	-54
4552425	53
4552848	67
4553249	118
4553639	223
4554060	157
4554441	225
4554851	179
4555240	141
4555585	158
4555996	161
4556394	-25
4556821	27
4557209	37
4557622	-69
4558010	90
4558409	99
4558810	114
4559179	-18
4559595	77
4559963	93
4560380	15
4560766	64
4561182	139
4561575	217
4561956	191
4562360	152
4562720	224
4563139	2
4563544	6
4563945	28
4564346	26
4564718	-131
4565116	-25
4565417	68
4565850	89
4566240	158
4566686	136
4567074	212
4567491	132
4567874	63
4568278	93
4568658	115
4569084	117
4569476	159
4569877	192
4570281	172
4570656	151
4571072	108
4571454	135
4571857	75
4572233	-32
4572605	5
4572993	19
4573299	159
4573719	180
4574085	282
4574474	234
4574888	195
4575280	135
4575679	117
4576032	133
4576439	41
4576828	0
4577259	70
4577630	114
4578056	157
4578461	172
4578840	168
4579224	150
4579623	132
4580039	103
4580377	128
4580813	119
4581218	-18
4581619	33
4581999	67
4582384	78
4582772	119
4583157	111
4583526	108
4583934	24
4584329	4
4584747	6
4585117	52
4585547	81
4585929	79
4586344	-21
4586760	-80
4587137	1
4587528	19
4587918	24
4588278	33
4588622	93
4589062	50
4589365	73
4589806	-28
4590233	70
4590680	39
4591085	97
4591512	48
4591904	129
4592330	137
4592727	103
4593142	136
4593548	135
4593936	162
4594362	106
4594733	89
4595131	-23
4595523	9
4595829	52
4596250	-87
4596654	20
4597047	70
4597461	103
4597839	154
4598244	165
4598635	124
4599047	20
4599438	6
4599836	78
4600230	129
4600562	45
4600982	154
4601396	157
4601820	35
4602247	13
4602639	37
4603054	30
4603467	74
4603882	106
4604258	124
4604673	79
4605038	82
4605454	96
4605835	115
4606220	96
4606608	-5
4606951	-12
4607364	-7
4607765	46
4608076	59
4608483	55
4608887	88
4609301	67
4609605	92
4610049	-32
4610448	42
4610867	103
4611287	115
4611647	147
4612055	19
4612447	89
4612871	114
4613309	63
4613711	117
4614118	57
4614551	84
4614955	66
4615371	77
4615775	-60
4616172	11
4616578	56
4616874	90
4617302	16
4617716	108
4618131	137
4618569	162
4618961	139
4619381	144
4619768	82
4620160	33
4620538	48
4620823	-3
4621245	78
4621636	135
4622063	155
4622445	165
4622856	136
4623271	144
4623667	52
4624099	118
4624496	133
4624921	147
4625321	93
4625726	82
4626131	152
4626412	179
4626686	169
4626933	79
4627167	26
4627387	-2047
4627601	100
4627796	447
4627810	-31
4628017	533
4628221	695
4628423	691
4628624	604
4628831	489
4629055	344
4629331	135
4629642	4
4629959	-27
4630283	-7
4630567	-3
4630892	-34
4631245	-9
4631543	45
4631912	2
4632258	6
4632562	64
4632968	52
4633211	96
4633436	119
4633644	133
4633853	100
4634057	9
4634271	-56
4634715	-31
4635076	12
4635315	52
4635539	96
4635762	165
4636160	163
4636396	93
4636618	161
4637061	147
4637506	38
4637935	24
4638365	63
4638772	77
4639200	-2
4639600	15
4640015	-43
4640267	-126
4640497	-102
4640717	5229
4640928	4332
4641133	2859
4641347	1869
4641574	1278
4641783	653
4641796	669
4642016	6
4642228	-34
4642437	-301
4642645	-403
4642849	-335
4643056	-370
4643265	-373
4643473	-437
4643889	-440
4644275	-272
4644642	-160
4645022	-141
4645401	-12
4645770	8
4646107	66
4646352	114
4646575	260
4647027	4
4647309	19
4647761	34
4648226	169
4648673	84
4649125	30
4649558	-64
4650018	-23
4650438	70
4650887	5
4651289	-96
4651723	-71
4652128	114
4652531	96
4652954	27
4653348	133
4653760	139
4654100	70
4654513	34
4654914	195
4655325	203
4655728	161
4656111	146
4656515	71
4656904	95
4657304	79
4657689	41
4658063	22
4658465	19
4658854	20
4659262	-119
4659647	-56
4660053	38
4660441	81
4660814	50
4661219	-50
4661618	86
4662048	157
4662456	140
4662889	63
4663277	73
4663705	15
4664110	9
4664535	-25
4664951	-5
4665345	45
4665780	28
4666176	49
4666594	53
4666994	30
4667404	-24
4667802	-24
4668187	8
4668605	39
4668997	115
4669393	82
4669784	70
4670163	75
4670544	30
4670920	49
4671319	-14
4671707	-2
4672085	1
4672429	15
4672750	1
4673167	-42
4673566	28
4673937	66
4674263	-134
4674630	-28
4674905	64
4675337	90
4675800	112
4676227	114
4676679	67
4677087	77
4677525	34
4677925	70
4678349	50
4678735	60
4679166	74
4679573	81
4679983	92
4680425	45
4680826	86
4681243	35
4681644	46
4682056	33
4682440	63
4682861	6
4683226	-7
4683615	-14
4684002	-61
4684360	-36
4684764	9
4685136	-7
4685496	9
4685919	-20
4686310	62
4686734	44
4687141	112
4687566	66
4687987	57
4688376	81
4688793	22
4689175	-51
4689589	-173
4689901	-64
4690326	49
4690722	126
4691103	159
4691510	101
4691904	114
4692309	60
4692665	92
4693047	55
4693416	-58
4693809	-24
4694196	30
4694564	74
4694965	70
4695341	49
4695743	81
4696115	86
4696492	112
4696895	-7
4697244	73
4697601	95
4697976	70
4698353	41
4698747	73
4699065	22
4699335	75
4699776	70
4700080	86
4700332	118
4700813	-100
4701248	90
4701683	157
4702102	181
4702505	184
4702927	141
4703352	106
4703755	82
4704181	90
4704572	100
4704984	119
4705379	50
4705765	-82
4706160	-167
4706534	-32
4706940	66
4707311	110
4707706	44
4708090	70
4708469	128
4708849	115
4709219	84
4709632	46
4710005	97
4710397	114
4710777	62
4711093	85
4711512	-34
4711899	6
4712325	74
4712726	70
4713157	19
4713552	34
4713976	73
4714376	92
4714772	48
4715195	50
4715580	114
4715993	-32
4716371	64
4716784	68
4717153	78
4717551	62
4717914	-60
4718234	33
4718640	106
4719009	152
4719420	73
4719780	162
4720176	176
4720542	151
4720900	150
4721301	88
4721620	108
4722026	38
4722437	1
4722846	53
4723253	60
4723635	89
4724050	74
4724437	84
4724864	66
4725248	79
4725663	49
4726004	71
4726263	-24
4726562	22
4727031	86
4727487	108
4727943	34
4728368	28
4728808	77
4729230	85
4729635	77
4730057	-16
4730444	38
4730867	42
4731254	75
4731659	93
4732030	59
4732408	66
4732822	-69
4733217	30
4733638	78
4733992	89
4734391	-20
4734804	28
4735180	81
4735581	53
4735955	75
4736356	85
4736746	110
4737149	88
4737520	99
4737928	84
4738294	70
4738677	62
4739069	20
4739444	34
4739842	16
4740192	52
4740598	35
4740960	37
4741369	33
4741751	20
4742160	53
4742537	97
4742961	20
4743324	33
4743702	68
4744131	53
4744528	70
4744981	71
4745378	79
4745800	52
4746179	60
4746588	42
4746971	49
4747388	41
4747766	64
4748170	13
4748567	16
4748951	50
4749347	53
4749709	88
4750117	97
4750488	45
4750888	24
4751266	13
4751658	19
4752034	44
4752400	81
4752811	16
4753194	52
4753608	85
4753962	117
4754367	136
4754723	132
4755142	111
4755535	104
4755824	27
4756260	-29
4756658	75
4757087	71
4757472	118
4757883	114
4758276	97
4758669	95
4759052	56
4759430	64
4759847	86
4760167	126
4760574	11
4760993	45
4761380	44
4761794	75
4762170	124
4762589	55
4762946	68
4763326	78
4763707	-120
4764086	-60
4764471	46
4764823	97
4765216	136
4765519	38
4765904	118
4766316	166
4766726	180
4767114	-35
4767503	89
4767915	119
4768294	62
4768702	188
4768986	238
4769236	135
4769483	67
4769949	96
4770419	108
4770871	144
4771302	124
4771709	136
4772144	70
4772534	78
4772971	114
4773362	89
4773769	108
4774168	71
4774563	70
4774972	59
4775355	-57
4775612	-63
4775872	-137
4776321	146
4776758	224
4777191	219
4777625	194
4778047	203
4778465	141
4778870	121
4779291	99
4779689	68
4780099	30
4780496	45
4780912	-21
4781306	-9
4781713	15
4782110	4
4782490	27
4782905	27
4783167	67
4783624	-94
4784038	117
4784492	162
4784904	216
4785338	188
4785701	159
4786119	24
4786523	20
4786949	26
4787355	68
4787761	95
4788166	6
4788558	64
4788952	71
4789327	114
4789730	82
4790094	85
4790513	114
4790903	42
4791296	24
4791660	8
4792062	12
4792443	28
4792862	-29
4793265	27
4793652	64
4794062	88
4794437	139
4794837	124
4795161	144
4795563	71
4795949	107
4796359	84
4796747	85
4797155	85
4797537	96
4797929	74
4798304	9
4798721	35
4799113	62
4799532	59
4799909	53
4800309	82
4800681	1
4801057	44
4801458	2
4801841	90
4802228	100
4802624	143
4803018	159
4803336	159
4803790	81
4804191	38
4804608	90
4805020	86
4805412	33
4805819	39
4806214	92
4806626	96
4807020	23
4807435	46
4807807	59
4808204	45
4808590	78
4808975	121
4809370	-7
4809751	68
4810170	101
4810540	150
4810958	136
4811320	143
4811729	74
4812105	115
4812485	73
4812877	5
4813271	112
4813666	130
4814038	-6
4814444	125
4814830	162
4815263	165
4815653	148
4816061	104
4816439	162
4816843	169
4817218	173
4817618	140
4818011	117
4818294	38
4818739	126
4819127	135
4819556	101
4819956	110
4820356	-31
4820679	62
4821117	37
4821519	60
4821942	115
4822337	136
4822746	140
4823123	139
4823528	93
4823897	100
4824297	82
4824681	97
4825088	56
4825486	5
4825873	11
4826272	-47
4826562	-6
4826970	17
4827373	90
4827792	92
4828190	62
4828608	59
4829010	144
4829403	139
4829794	174
4830205	159
4830615	118
4831042	41
4831427	38
4831842	-56
4832220	16
4832633	39
4833012	82
4833414	81
4833806	41
4834218	99
4834596	104
4834992	46
4835370	89
4835776	68
4836161	60
4836518	44
4836934	-17
4837332	13
4837749	15
4838148	34
4838562	42
4838933	55
4839339	-17
4839742	60
4840121	74
4840527	34
4840877	100
4841273	107
4841661	70
4842079	-67
4842496	64
4842917	136
4843268	137
4843695	129
4844103	135
4844511	75
4844919	-16
4845311	-65
4845740	79
4846094	179
4846512	-23
4846868	137
4847275	220
4847656	219
4848041	177
4848432	107
4848821	106
4849228	74
4849617	71
4850026	42
4850377	86
4850787	77
4851151	114
4851564	-28
4851949	45
4852357	27
4852760	107
4853129	16
4853523	124
4853874	155
4854278	144
4854648	100
4855046	63
4855448	68
4855810	93
4856229	104
4856610	77
4857024	93
4857409	133
4857822	140
4858213	59
4858598	111
4859011	148
4859385	77
4859780	8
4860175	121
4860591	170
4860981	129
4861411	144
4861814	147
4862227	128
4862547	48
4862958	-13
4863388	60
4863806	-23
4864241	180
4864650	221
4865066	216
4865474	179
4865868	60
4866271	70
4866669	108
4867074	85
4867445	82
4867854	82
4868236	108
4868608	140
4868997	133
4869241	168
4869704	59
4870140	46
4870566	97
4870989	104
4871385	92
4871802	12
4872089	42
4872546	-20
4872963	45
4873390	86
4873800	139
4874189	161
4874600	44
4874986	93
4875394	82
4875790	100
4876196	44
4876499	56
4876914	68
4877326	81
4877724	67
4878121	50
4878506	71
4878920	56
4879300	93
4879718	104
4880123	119
4880541	118
4880914	107
4881322	110
4881716	75
4882089	-9
4882508	-35
4882894	-12
4883312	49
4883697	56
4884087	93
4884489	35
4884862	78
4885276	93
4885666	110
4886079	-18
4886423	92
4886833	100
4887205	55
4887607	75
4888003	30
4888341	124
4888710	8
4888948	44
4889230	45
4889687	150
4890099	190
4890526	186
4890934	155
4891351	168
4891728	155
4892153	111
4892534	112
4892938	-68
4893328	0
4893744	104
4894133	130
4894562	132
4894952	88
4895335	114
4895735	121
4896055	135
4896482	151
4896913	57
4897368	0
4897790	125
4898226	143
4898628	90
4899033	62
4899433	30
4899857	-10
4900100	27
4900317	370
4900517	910
4900531	982
4900737	2540
4900967	92
4901206	170
4901487	293
4901721	282
4901948	242
4902180	201
4902402	165
4902622	93
4903004	-12
4903241	48
4903470	42
4903870	74
4904259	82
4904669	125
4905058	135
4905449	172
4905842	166
4906226	115
4906638	108
4907044	15
4907444	30
4907867	103
4908243	161
4908668	158
4909061	108
4909444	100
4909864	66
4910256	-20
4910675	5
4911066	15
4911451	-18
4911809	-71
4912054	-5
4912290	30
4912533	48
4912797	96
4913278	112
4913676	115
4914152	148
4914596	122
4915047	119
4915493	104
4915942	63
4916378	48
4916814	-18
4917234	2
4917672	20
4918076	48
4918495	37
4918885	41
4919269	77
4919690	50
4920062	35
4920469	46
4920862	81
4921284	8
4921685	22
4922091	22
4922478	70
4922893	53
4923276	33
4923674	39
4924064	6
4924328	35
4924797	5
4925197	104
4925656	124
4926072	165
4926516	146
4926899	86
4927333	20
4927743	6
4928161	6
4928560	-25
4928953	2
4929363	30
4929757	95
4930171	73
4930570	63
4930987	85
4931390	90
4931790	118
4932195	108
4932588	71
4932992	11
4933374	34
4933796	38
4934177	85
4934589	110
4934991	112
4935363	89
4935769	82
4936169	100
4936598	74
4936992	166
4937411	130
4937805	66
4938221	-34
4938607	-47
4938918	22
4939167	-91
4939394	-51
4939853	126
4940326	194
4940796	159
4941223	179
4941663	158
4942085	158
4942514	97
4942943	8
4943376	-34
4943784	31
4944209	44
4944589	53
4944961	63
4945241	16
4945666	-49
4946085	52
4946327	151
4946558	35
4946791	50
4947016	122
4947508	137
4947964	179
4948391	75
4948827	67
4949256	64
4949674	74
4950108	63
4950520	90
4950948	63
4951343	84
4951759	92
4952173	89
4952570	100
4952985	52
4953367	71
4953795	62
4954188	38
4954620	-16
4955023	-3
4955436	33
4955838	42
4956228	71
4956634	19
4957027	56
4957446	33
4957822	126
4958215	118
4958614	101
4958996	85
4959405	44
4959759	16
4960171	-82
4960569	-24
4960971	19
4961346	53
4961728	38
4962131	23
4962530	66
4962955	115
4963353	79
4963764	57
4964136	95
4964563	108
4964959	78
4965374	28
4965773	22
4966176	48
4966588	-58
4966950	15
4967336	-25
4967698	11
4968121	68
4968496	81
4968914	118
4969312	125
4969738	78
4970135	155
4970530	122
4970916	81
4971321	-51
4971713	-12
4972138	17
4972531	53
4972954	56
4973337	78
4973737	82
4974132	64
4974513	53
4974924	37
4975301	75
4975705	84
4976095	130
4976525	151
4976908	101
4977319	-3
4977717	-14
4978108	16
4978508	4
4978903	41
4979303	30
4979684	39
4980093	19
4980482	73
4980884	63
4981253	88
4981635	161
4982022	187
4982382	216
4982795	22
4983171	71
4983579	93
4983908	122
4984316	17
4984717	81
4985141	35
4985534	85
4985959	119
4986362	46
4986743	85
4987161	114
4987536	117
4987940	-87
4988330	45
4988741	124
4989099	130
4989510	68
4989809	74
4990243	-32
4990650	11
4990914	-96
4991185	-75
4991604	64
4992073	144
4992472	170
4992903	169
4993247	166
4993679	30
4994061	95
4994494	115
4994895	110
4995161	81
4995597	30
4996030	139
4996462	137
4996861	114
4997289	75
4997686	96
4998097	97
4998490	137
4998898	128
4999269	130
4999667	115
5000064	103
5000443	85
5000839	6
5001194	55
5001576	96
5001916	49
5002308	57
5002736	44
5003052	31
5003492	-45
5003866	35
5004320	53
5004708	82
5005125	66
5005518	67
5005920	126
5006328	79
5006729	37
5007135	104
5007519	44
5007922	48
5008268	111
5008675	122
5009078	82
5009352	107
5009770	70
5010161	75
5010596	53
5010985	59
5011423	79
5011729	77
5012168	-51
5012557	121
5012988	150
5013395	166
5013805	132
5014220	30
5014541	60
5014972	4
5015372	31
5015779	55
5016208	38
5016592	53
5017012	8
5017367	27
5017792	41
5018175	78
5018581	-64
5018975	-5
5019380	38
5019735	158
5020137	158
5020542	104
5020941	-10
5021346	121
5021706	139
5022100	101
5022449	33
5022832	-111
5023258	8
5023670	66
5024095	136
5024491	143
5024913	108
5025298	82
5025696	89
5026097	108
5026497	103
5026916	49
5027186	118
5027614	63
5028031	66
5028485	15
5028884	46
5029316	26
5029706	46
5030122	45
5030520	101
5030913	31
5031314	110
5031698	151
5032096	158
5032480	180
5032900	81
5033247	42
5033634	55
5034016	22
5034382	-97
5034781	-89
5035150	24
5035578	93
5035899	161
5036319	53
5036726	132
5037147	137
5037493	151
5037914	107
5038298	155
5038570	99
5039014	92
5039414	144
5039832	107
5040127	110
5040389	64
5040660	17
5041125	53
5041574	19
5042042	-6
5042460	74
5042879	100
5043289	206
5043707	163
5044114	150
5044498	128
5044893	84
5045279	141
5045669	97
5046064	96
5046476	66
5046860	59
5047261	56
5047646	34
5048053	-47
5048412	56
5048823	89
5049210	115
5049582	126
5049947	107
5050312	63
5050700	118
5051079	141
5051475	139
5051816	75
5052231	50
5052633	37
5053024	-36
5053436	-21
5053701	-72
5054138	-12
5054542	66
5054979	107
5055274	141
5055704	85
5056110	143
5056548	140
5056938	133
5057379	96
5057762	195
5058182	143
5058560	85
5058943	-17
5059346	24
5059760	45
5060103	52
5060519	-49
5060909	74
5061322	81
5061711	73
5061990	50
5062410	137
5062789	169
5063193	124
5063566	150
5063972	60
5064316	121
5064714	46
5065101	56
5065492	53
5065878	-45
5066256	-105
5066648	2
5066934	77
5067194	-3
5067638	111
5068053	161
5068481	202
5068883	181
5069311	165
5069722	119
5070121	92
5070512	48
5070919	57
5071308	55
5071721	-27
5072128	26
5072514	75
5072912	86
5073278	95
5073685	85
5074069	85
5074455	103
5074834	95
5075178	88
5075577	104
5075878	81
5076272	23
5076569	97
5076977	74
5077369	56
5077777	-31
5078081	-31
5078503	-80
5078894	70
5079312	117
5079709	126
5080143	168
5080537	146
5080913	107
5081325	118
5081704	132
5082097	78
5082492	56
5082900	28
5083290	33
5083699	13
5084067	27
5084474	15
5084841	15
5085198	-32
5085607	-45
5085993	-50
5086418	81
5086788	133
5087181	62
5087543	27
5087936	148
5088325	237
5088591	230
5089021	174
5089403	143
5089844	30
5090232	27
5090657	-12
5091059	23
5091452	84
5091853	92
5092272	100
5092666	101
5093075	130
5093481	96
5093873	89
5094280	82
5094672	70
5095078	57
5095461	71
5095883	35
5096265	13
5096638	31
5097031	38
5097352	12
5097764	-10
5098156	44
5098597	66
5098989	62
5099404	68
5099781	130
5100181	57
5100544	128
5100949	22
5101337	154
5101712	119
5102113	117
5102516	103
5102911	84
5103288	89
5103634	93
5103870	81
5104087	782
5104294	1967
5104497	1409
5104698	2127
5104899	209
5105097	-1144
5105293	-725
5105490	-582
5105687	-277
5105884	-91
5106079	70
5106275	140
5106474	169
5106700	180
5107014	81
5107319	16
5107647	26
5107966	0
5108213	19
5108438	50
5108653	37
5108866	-23
5109104	6
5109561	0
5109985	9
5110435	22
5110842	23
5111293	11
5111734	28
5112161	17
5112606	1
5113031	33
5113457	39
5113859	20
5114281	-58
5114684	-54
5115111	-120
5115515	0
5115930	56
5116175	44
5116413	79
5116658	119
5117083	67
5117332	88
5117583	33
5117827	42
5118293	46
5118720	67
5119205	22
5119665	33
5120122	27
5120579	38
5121033	22
5121482	-42
5121902	-5
5122342	-32
5122751	-10
5123156	4
5123566	6
5123963	-9
5124362	11
5124769	-17
5125202	-35
5125534	79
5125994	74
5126375	34
5126815	48
5127168	99
5127598	34
5127957	-113
5128382	28
5128790	49
5129207	56
5129612	75
5130032	24
5130429	26
5130823	23
5131162	42
5131404	53
5131633	31
5131873	60
5132157	56
5132388	3911
5132611	2634
5132694	3803
5132706	3541
5132839	1751
5133106	297
5133364	-123
5133614	-271
5133855	-415
5134277	-459
5134678	-466
5135087	-334
5135476	-251
5135866	-164
5136291	-138
5136688	-53
5137109	-74
5137501	-78
5137926	-23
5138298	-105
5138709	-51
5139094	-42
5139469	19
5139873	-144
5140244	-213
5140665	-115
5141043	31
5141453	37
5141786	33
5142196	63
5142582	46
5142983	-43
5143398	-47
5143774	46
5144177	15
5144531	169
5144936	143
5145300	77
5145712	39
5146095	19
5146490	8
5146884	-35
5147264	13
5147673	20
5148042	35
5148444	13
5148829	-17
5149208	-169
5149614	-36
5149987	62
5150391	67
5150738	96
5151143	50
5151522	-69
5151916	16
5152312	-5
5152675	15
5153088	0
5153474	-169
5153889	22
5154276	67
5154683	26
5155025	-18
5155372	-126
5155760	78
5156148	117
5156541	143
5156937	188
5157362	125
5157748	118
5158153	38
5158526	-68
5158934	20
5159312	5
5159704	42
5160098	31
5160473	68
5160882	-80
5161260	5
5161615	53
5161996	86
5162295	128
5162724	111
5163049	136
5163291	117
5163508	133
5163724	129
5163956	107
5164206	84
5164471	119
5164920	56
5165331	17
5165743	33
5166138	93
5166550	88
5166956	-3
5167364	44
5167770	-27
5168159	55
5168570	81
5168956	110
5169359	139
5169731	90
5170121	89
5170524	6
5170899	23
5171315	11
5171708	-9
5172139	-16
5172504	-18
5172884	15
5173290	44
5173680	30
5174089	-100
5174469	-2
5174882	30
5175243	90
5175646	103
5176016	106
5176329	64
5176751	-56
5177139	-3
5177517	22
5177934	-35
5178304	-94
5178694	4
5179069	64
5179426	82
5179814	86
5180126	97
5180415	26
5180651	35
5180866	16
5181080	23
5181297	119
5181533	161
5181756	197
5181987	228
5182411	-164
5182808	16
5183211	173
5183617	154
5184008	114
5184392	77
5184802	42
5185184	23
5185586	-87
5185973	-5
5186349	68
5186755	59
5187091	52
5187509	78
5187890	-7
5188293	114
5188683	44
5189083	15
5189487	46
5189884	52
5190318	-17
5190562	-29
5190817	-199
5191253	-49
5191660	67
5192066	99
5192467	114
5192908	73
5193313	90
5193743	92
5194149	108
5194570	152
5194961	124
5195367	71
5195776	-12
5196164	-18
5196578	9
5196945	-29
5197230	-42
5197644	-93
5198025	-98
5198410	-39
5198806	-63
5199120	77
5199542	144
5199903	141
5200279	150
5200680	104
5201068	70
5201439	52
5201831	35
5202251	79
5202635	85
5203045	-107
5203458	-12
5203854	49
5204271	85
5204649	82
5205049	53
5205455	8
5205859	-14
5206229	33
5206630	31
5207005	148
5207375	249
5207761	205
5208137	155
5208520	81
5208838	1
5209236	2
5209611	26
5210018	41
5210385	42
5210798	68
5211167	100
5211543	107
5211933	108
5212249	140
5212641	140
5212999	95
5213378	117
5213723	62
5214100	50
5214357	56
5214586	41
5214805	-97
5215019	-94
5215242	-3
5215657	53
5216092	-21
5216536	68
5216954	81
5217387	79
5217785	71
5218215	115
5218613	114
5219025	26
5219421	103
5219803	112
5220214	62
5220600	45
5221003	1
5221379	-27
5221751	4
5222134	-14
5222517	-16
5222915	4
5223267	71
5223659	95
5224031	45
5224411	60
5224792	137
5225083	140
5225480	133
5225850	141
5226205	157
5226612	79
5226977	84
5227372	50
5227678	42
5228100	13
5228465	24
5228842	42
5229252	9
5229641	50
5229993	-9
5230389	-130
5230807	16
5231170	78
5231576	66
5231994	101
5232382	139
5232798	130
5233174	89
5233565	44
5233970	-64
5234351	16
5234714	-6
5235119	-56
5235488	-141
5235884	-5
5236248	52
5236634	68
5237011	104
5237371	86
5237758	81
5238059	115
5238480	101
5238860	133
5239246	115
5239641	126
5239999	100
5240406	45
5240761	41
5241162	49
5241508	46
5241866	1
5242131	-63
5242394	-40
5242670	-16
5242919	68
5243152	128
5243406	146
5243657	159
5243895	114
5244173	256
5244417	316
5244893	203
5245316	119
5245730	85
5246134	34
5246543	-2
5246935	2
5247350	-21
5247724	-3
5248135	-13
5248491	35
5248784	22
5249210	-240
5249596	-75
5249997	22
5250385	82
5250797	89
5251142	88
5251565	103
5251952	73
5252299	39
5252723	35
5253094	97
5253484	173
5253875	115
5254232	124
5254610	82
5254952	16
5255292	-23
5255691	-67
5256044	-23
5256454	-23
5256810	16
5257217	19
5257511	99
5257933	48
5258320	44
5258725	111
5259120	106
5259489	107
5259884	77
5260254	64
5260661	27
5261052	26
5261443	-27
5261823	9
5262181	16
5262577	-28
5262940	28
5263337	88
5263697	110
5264061	146
5264450	136
5264807	126
5265186	93
5265582	60
5265930	38
5266350	33
5266734	39
5267109	15
5267501	-17
5267791	11
5268202	24
5268488	46
5268762	-32
5269197	56
5269550	92
5269980	-144
5270390	-7
5270806	114
5271179	140
5271594	135
5271985	139
5272374	89
5272774	48
5273133	56
5273541	-39
5273918	12
5274319	44
5274666	60
5275082	60
5275470	79
5275853	2
5276238	71
5276589	129
5276983	146
5277345	89
5277719	117
5278104	117
5278472	130
5278857	111
5279176	88
5279576	62
5279958	20
5280336	16
5280736	-20
5281099	-6
5281499	-96
5281778	-34
5282193	13
5282588	-39
5282965	49
5283366	159
5283733	154
5284126	187
5284499	203
5284876	144
5285281	117
5285641	101
5286046	55
5286426	1
5286706	11
5287129	-210
5287528	-21
5287955	68
5288360	101
5288778	137
5289171	130
5289554	126
5289942	132
5290315	124
5290719	144
5291121	118
5291537	71
5291922	60
5292346	17
5292733	26
5293147	16
5293537	60
5293927	55
5294300	48
5294588	75
5295023	60
5295426	39
5295796	108
5296185	125
5296421	48
5296644	-54
5296860	-116
5297083	-63
5297326	53
5297724	17
5297984	-401
5298434	-86
5298836	114
5299260	172
5299657	184
5300050	136
5300452	119
5300847	125
5301245	115
5301624	135
5301977	79
5302255	-10
5302531	-60
5302776	-45
5303009	1
5303420	95
5303654	137
5303887	143
5304317	141
5304725	100
5305117	84
5305511	60
5305893	50
5306292	38
5306671	64
5307070	70
5307427	95
5307795	88
5308200	101
5308562	135
5308972	89
5309214	103
5309444	117
5309685	81
5310131	-101
5310586	-39
5311104	56
5311542	62
5311995	15
5312400	27
5312838	63
5313237	78
5313661	-43
5314060	20
5314452	-164
5314840	-120
5315217	-155
5315609	64
5315916	-6
5316282	66
5316662	60
5317032	125
5317414	-50
5317726	38
5318098	84
5318466	114
5318814	172
5319208	177
5319569	151
5319931	121
5320309	108
5320648	162
5321038	154
5321402	136
5321774	103
5322157	107
5322470	107
5322888	64
5323261	60
5323643	56
5324063	0
5324440	22
5324835	38
5325212	63
5325608	95
5325974	107
5326379	104
5326753	135
5327177	137
5327572	143
5327977	107
5328369	104
5328764	75
5329047	78
5329447	57
5329822	59
5330196	50
5330583	46
5330971	35
5331376	27
5331735	12
5332031	37
5332447	48
5332804	85
5333206	52
5333575	68
5333933	107
5334298	158
5334698	141
5335074	144
5335467	128
5335855	59
5336243	28
5336514	48
5336943	45
5337297	-7
5337614	-9
5338004	-25
5338331	22
5338721	33
5339077	49
5339461	100
5339829	133
5340177	121
5340592	92
5340947	85
5341348	151
5341736	141
5342127	88
5342510	52
5342894	28
5343281	28
5343669	-9
5344034	-56
5344415	-16
5344701	22
5345109	0
5345489	39
5345853	38
5346209	93
5346539	112
5346909	103
5347192	163
5347565	136
5347873	150
5348156	163
5348444	122
5348826	125
5349146	108
5349411	92
5349666	60
5350084	-12
5350500	-12
5350917	-10
5351313	-12
5351738	16
5352016	66
5352464	59
5352858	78
5353266	129
5353533	165
5353951	78
5354225	137
5354473	157
5354888	158
5355149	163
5355410	124
5355821	106
5356152	62
5356523	19
5356891	17
5357199	30
5357545	44
5357839	57
5358254	88
5358632	118
5359015	122
5359307	141
5359595	147
5360011	132
5360420	99
5360807	92
5361148	101
5361444	112
5361879	73
5362147	78
5362477	67
5362880	60
5363134	104
5363375	126
5363785	53
5364049	46
5364316	42
5364717	16
5365085	38
5365475	19
5365745	45
5366147	42
5366533	56
5366875	63
5367248	64
5367620	106
5368021	152
5368332	144
5368769	135
5369163	157
5369564	114
5369856	81
5370273	33
5370564	62
5370985	16
5371390	-13
5371782	12
5372136	33
5372536	41
5372815	46
5373251	28
5373638	107
5373908	111
5374331	90
5374711	115
5375083	128
5375429	143
5375757	124
5376102	115
5376432	57
5376777	38
5377130	42
5377479	17
5377863	-63
5378234	-46
5378583	8
5378915	11
5379268	108
5379551	133
5379795	129
5380052	146
5380458	140
5380751	155
5381008	159
5381288	136
5381692	124
5381995	110
5382268	104
5382575	79
5382944	50
5383329	46
5383689	48
5383973	68
5384386	49
5384654	71
5384922	81
5385331	92
5385689	90
5386004	85
5386286	114
5386543	128
5386946	115
5387285	139
5387589	132
5387859	95
5388124	88
5388399	68
5388679	41
5388938	33
5389229	-5
5389605	-12
5389873	15
5390141	39
5390412	70
5390671	84
5390957	128
5391354	136
5391718	117
5391990	118
5392258	112
5392526	143
5392795	179
5393219	140
5393586	118
5393953	82
5394222	68
5394490	56
5394760	62
5395182	46
5395468	39
5395730	56
5396017	60
5396302	71
5396717	75
5396988	106
5397312	121
5397584	146
5397868	137
5398272	110
5398630	122
5398954	121
5399362	96
5399639	89
5399941	74
5776678	-4917
5776688	-4603
5776698	10074
5850119	234
5850456	169
5850890	140
5851273	122
5851674	19
5852059	16
5852426	-10
5852830	-36
5853182	-20
5853432	-125
5853656	-34
5853867	106
5854067	99
5854080	93
5854332	74
5854345	63
5854785	166
5855216	217
5855626	174
5856026	100
5856431	27
5856793	35
5857214	143
5857615	169
5858034	146
5858426	290
5858828	217
5859215	271
5859602	186
5859998	118
5860371	132
5860752	38
5861134	143
5861487	300
5861855	188
5862245	151
5862564	50
5862974	28
5863361	75
5863760	1
5864132	0
5864506	-20
5864883	117
5865167	228
5865571	216
5865941	152
5866239	162
5866642	414
5867012	348
5867366	216
5867761	141
5868105	181
5868495	99
5868889	93
5869270	13
5869670	8
5870019	57
5870426	24
5870804	66
5871168	67
5871585	165
5871979	181
5872373	121
5872721	183
5873104	166
5873355	163
5873579	268
5873795	372
5874018	358
5874295	246
5874308	228
5874580	118
5874592	103
5874991	78
5875444	30
5875876	92
5876308	44
5876720	44
5877141	-53
5877555	-53
5877956	-67
5878374	64
5878778	146
5879187	95
5879586	139
5879852	150
5880275	121
5880679	53
5881104	-35
5881518	-20
5881937	-65
5882351	-2
5882764	-16
5883183	34
5883592	15
5884001	-16
5884406	-27
5884818	-47
5885161	-40
5885563	108
5885970	163
5886374	24
5886791	35
5887197	2
5887614	62
5887874	48
5888327	93
5888740	89
5889170	11
5889575	1
5889980	-86
5890369	-25
5890770	37
5891173	-40
5891534	31
5891945	13
5892337	216
5892719	154
5893112	159
5893417	133
5893833	57
5894214	117
5894599	165
5894980	190
5895218	327
5895441	356
5895654	327
5895913	265
5896393	174
5896889	101
5897370	-9
5897837	95
5898275	224
5898735	157
5899128	140
5899549	212
5899961	159
5900371	84
5900787	198
5901193	221
5901602	210
5901990	143
5902384	48
5902762	26
5903154	-58
5903545	-57
5903885	6
5904284	55
5904652	101
5904968	136
5905371	166
5905724	124
5906126	52
5906493	135
5906869	52
5907253	139
5907639	64
5908052	6
5908422	-25
5908826	60
5909205	192
5909549	115
5909952	55
5910223	100
5910658	46
5911073	110
5911482	53
5911895	150
5912297	60
5912718	-12
5913084	55
5913468	147
5913810	213
5914062	112
5914284	126
5914499	202
5914724	106
5914737	88
5915184	4
5915655	121
5916119	46
5916562	-23
5916981	8
5917406	-38
5917830	34
5918248	62
5918677	78
5919083	104
5919483	111
5919885	16
5920263	128
5920651	89
5921052	67
5921451	-38
5921863	-17
5922233	-5
5922621	57
5922916	254
5923158	197
5923385	135
5923829	124
5924279	44
5924700	92
5925128	110
5925545	221
5925961	97
5926380	92
5926774	93
5927202	0
5927584	125
5927972	59
5928379	27
5928745	77
5929146	71
5929536	107
5929927	33
5930331	2
5930708	17
5931102	13
5931485	128
5931868	110
5932260	190
5932616	118
5933013	125
5933391	103
5933782	30
5934167	15
5934479	24
5934889	31
5935268	150
5935653	79
5936075	99
5936356	70
5936796	73
5937186	152
5937590	146
5937986	287
5938229	172
5938452	155
5938670	367
5938893	318
5938906	303
5939380	253
5939860	265
5940346	172
5940785	81
5941230	118
5941650	124
5942074	39
5942496	281
5942906	67
5943325	78
5943715	168
5944122	187
5944503	327
5944905	287
5945299	245
5945681	136
5946088	125
5946458	243
5946867	128
5947254	139
5947634	62
5948039	74
5948424	77
5948824	16
5949215	107
5949592	59
5949985	16
5950353	41
5950715	45
5951053	151
5951331	144
5951748	56
5952136	104
5952527	92
5952900	133
5953299	4
5953698	16
5954090	-39
5954508	84
5954881	114
5955277	22
5955663	121
5956030	90
5956413	197
5956703	147
5957116	85
5957516	84
5957913	19
5958289	37
5958678	-49
5959080	16
5959465	70
5959882	-14
5960231	-10
5960631	8
5961034	85
5961426	-14
5961816	63
5962083	45
5962316	46
5962536	231
5962738	256
5962750	246
5962961	84
5962974	63
5963430	30
5963871	39
5963884	38
5964340	24
5964762	1
5965191	-75
5965602	227
5966026	-58
5966450	-40
5966859	-68
5967289	-14
5967680	92
5968100	56
5968501	73
5968902	48
5969298	79
5969694	17
5970102	41
5970496	59
5970895	108
5971279	101
5971650	-3
5972037	33
5972375	11
5972768	101
5973050	90
5973473	68
5973855	66
5974251	56
5974599	232
5974972	174
5975363	172
5975736	176
5976136	139
5976484	159
5976890	124
5977275	96
5977666	2
5978076	4
5978470	-14
5978879	64
5979262	126
5979656	1
5980061	62
5980450	44
5980842	34
5981215	155
5981485	186
5981734	270
5981961	438
5982174	410
5982186	396
5982423	301
5982673	341
5982896	318
5982908	312
5983161	395
5983173	389
5983673	343
5984072	220
5984501	394
5984928	220
5985355	190
5985772	195
5986197	163
5986591	126
5986990	82
5987396	202
5987797	44
5988198	23
5988579	110
5988887	198
5989302	242
5989700	100
5990111	143
5990515	181
5990908	84
5991212	39
5991636	79
5992016	126
5992430	112
5992823	289
5993214	70
5993630	90
5993989	152
5994396	115
5994791	183
5995179	117
5995579	176
5995973	78
5996368	148
5996753	191
5997159	162
5997528	128
5997927	56
5998322	48
5998702	132
5999098	-16
5999423	31
5999804	89
6000106	163
6000376	126
6000813	141
6001175	170
6001589	286
6001984	299
6002392	162
6002790	296
6003184	242
6003598	191
6003976	212
6004371	119
6004774	114
6005170	35
6005578	45
6005957	46
6006361	1
6006729	117
6007127	27
6007528	31
6007886	27
6008288	133
6008657	57
6009045	15
6009386	124
6009752	128
6010121	141
6010449	60
6010694	148
6010914	270
6011127	162
6011140	143
6011587	35
6012034	8
6012507	130
6012944	45
6013386	84
6013807	12
6014252	75
6014652	133
6015097	-10
6015500	92
6015899	111
6016328	110
6016711	96
6017116	125
6017499	128
6017899	64
6018288	67
6018685	118
6019083	49
6019473	33
6019826	56
6020188	243
6020579	74
6020997	70
6021408	50
6021811	89
6022134	64
6022553	121
6022948	232
6023366	0
6023717	73
6024093	136
6024490	183
6024876	106
6025285	56
6025657	110
6026052	44
6026446	170
6026831	22
6027229	49
6027522	90
6027946	12
6028336	114
6028667	59
6028952	92
6029200	106
6029419	101
6029432	82
6029655	66
6029879	64
6029891	49
6030314	-13
6030326	-18
6030736	112
6031143	70
6031564	0
6031966	75
6032392	26
6032766	106
6033006	111
6033019	110
6033235	103
6033248	89
6033458	77
6033471	77
6033679	88
6033692	82
6033896	63
6033908	63
6034110	97
6034123	88
6034343	66
6034355	53
6034750	13
6034762	13
6035134	168
6035493	0
6035506	-10
6035901	31
6036253	73
6036266	66
6036535	115
6036547	108
6036948	124
6036961	110
6037381	-27
6037747	49
6037760	46
6038013	93
6038226	246
6038238	248
6038448	177
6038460	169
6038681	77
6038694	68
6038933	30
6038946	19
6039198	111
6039210	129
6039423	253
6039436	265
6039649	5112
6039662	4522
6039881	3844
6040099	-2074
6040313	-2311
6040526	-812
6040737	-549
6040930	-411
6040942	-418
6041132	-288
6041145	-264
6041327	0
6041340	35
6041524	46
6041537	59
6041730	75
6041906	314
6041919	326
6042096	414
6042109	424
6042296	491
6042469	475
6042482	482
6042657	475
6042669	474
6042847	472
6042860	462
6043063	428
6043257	574
6043442	432
6043454	434
6043639	384
6043651	383
6043863	347
6044219	203
6044231	210
6044622	122
6044989	68
6045002	64
6045378	31
6045721	31
6045734	34
6046127	11
6046498	53
6046896	49
6047288	17
6047672	-12
6048079	-40
6048426	-78
6048439	-83
6048866	15
6049243	-58
6049256	-57
6049674	19
6050065	-20
6050078	-24
6050504	67
6050896	64
6050908	66
6051325	-3
6051728	-16
6051741	-12
6052155	141
6052563	66
6052990	73
6053389	96
6053811	132
6054214	23
6054608	39
6055017	45
6055422	49
6055830	1
6056224	30
6056635	110
6057052	79
6057405	42
6057825	70
6058226	92
6058629	46
6059037	74
6059438	78
6059836	118
6060248	99
6060607	45
6061037	42
6061410	48
6061818	150
6062206	-224
6062590	-25
6062991	22
6063365	89
6063778	73
6064184	35
6064580	42
6064992	31
6065404	55
6065794	92
6066212	107
6066496	141
6066739	42
6066966	42
6067188	112
6067201	103
6067648	9
6067661	9
6068152	15
6068590	52
6069042	53
6069476	66
6069906	55
6070315	46
6070712	67
6071128	86
6071553	11
6071956	20
6072354	38
6072751	64
6073145	104
6073538	75
6073935	19
6074303	45
6074709	35
6075086	117
6075361	66
6075604	-5
6075831	19
6076052	33
6076065	33
6076535	35
6076995	23
6077407	38
6077420	39
6077862	84
6078268	92
6078698	16
6079079	31
6079495	57
6079903	63
6080329	-9
6080739	13
6081154	24
6081557	50
6081961	53
6082356	-43
6082758	-27
6083140	28
6083538	60
6083933	66
6084289	73
6084665	85
6085053	59
6085462	30
6085838	64
6086236	38
6086539	64
6086959	38
6087346	17
6087744	37
6087982	119
6088207	111
6088440	42
6088908	-94
6089394	23
6089407	17
6089931	39
6090416	62
6090881	79
6091332	63
6091774	37
6092208	44
6092639	44
6093063	49
6093486	42
6093889	39
6094295	45
6094679	60
6095080	90
6095466	22
6095839	39
6096148	88
6096555	89
6096921	35
6097337	37
6097722	53
6098127	52
6098506	44
6098909	16
6099299	22
6099697	49
6100089	53
6100414	56
6100691	85
6100958	101
6101204	68
6101434	63
6101666	60
6101678	53
6102154	23
6102582	20
6103017	49
6103430	41
6103854	48
6104260	49
6104676	86
6105098	95
6105506	92
6105905	82
6106319	81
6106693	96
6107099	79
6107496	55
6107911	62
6108281	59
6108685	44
6109065	53
6109484	66
6109850	64
6110276	67
6110671	12
6111083	22
6111427	68
6111823	68
6112197	64
6112588	67
6112852	99
6113286	50
6113691	15
6114098	20
6114368	53
6114381	49
6114832	30
6115229	22
6115656	56
6116049	77
6116432	99
6116803	128
6117047	132
6117267	144
6117488	140
6117501	129
6117974	71
6118376	86
6118389	77
6118869	52
6119322	49
6119762	62
6120195	57
6120630	68
6121054	103
6121496	81
6121905	75
6122325	59
6122728	53
6123141	50
6123538	57
6123939	35
6124337	26
6124713	39
6125115	70
6125490	28
6125892	39
6126236	103
6126491	96
6126716	111
6126932	96
6126944	93
6127413	39
6127860	52
6128295	108
6128739	74
6129157	39
6129592	4
6129994	0
6130424	24
6130825	53
6131233	73
6131643	70
6132047	60
6132459	95
6132850	135
6133278	15
6133661	59
6134060	92
6134445	62
6134841	34
6135220	48
6135623	27
6136012	31
6136414	90
6136805	71
6137206	23
6137567	24
6137892	96
6138287	111
6138628	132
6139003	158
6139392	140
6139804	64
6140184	37
6140575	44
6140954	55
6141336	35
6141619	28
6142048	20
6142458	84
6142864	99
6143272	154
6143641	143
6144033	57
6144332	77
6144767	59
6145054	103
6145497	4
6145910	27
6146347	82
6146749	106
6147161	100
6147512	119
6147771	154
6147999	157
6148216	122
6148422	77
6148434	77
6148884	55
6149317	106
6149739	121
6150161	117
6150561	112
6150967	96
6151385	88
6151767	67
6152188	34
6152593	52
6153014	84
6153405	-6
6153810	-2
6154205	45
6154606	67
6154986	118
6155400	137
6155755	139
6156149	56
6156548	53
6156945	73
6157353	141
6157740	147
6158110	90
6158431	46
6158853	23
6159206	48
6159563	44
6159799	79
6160022	31
6160235	33
6160449	1580
6160708	570
6161163	256
6161604	245
6162014	159
6162418	101
6162821	67
6163226	107
6163628	100
6164017	85
6164399	60
6164796	45
6165096	66
6165507	67
6165895	66
6166308	56
6166677	96
6167062	88
6167452	104
6167846	125
6168243	133
6168500	152
6168932	53
6169346	19
6169777	79
6170178	165
6170434	144
6170670	140
6170891	161
6171115	128
6171378	78
6171811	52
6172272	59
6172723	39
6173147	35
6173577	50
6174008	46
6174420	82
6174860	132
6175297	165
6175709	122
6176113	88
6176532	70
6176921	44
6177238	53
6177650	-36
6178060	-64
6178499	-16
6178926	-89
6179344	78
6179736	126
6180156	17
6180545	52
6180950	88
6181345	133
6181755	191
6182162	173
6182559	157
6182918	44
6183339	-42
6183711	15
6184101	79
6184458	35
6184851	-35
6185219	-116
6185462	-40
6185683	-29
6185895	39
6186105	90
6186356	137
6186794	136
6187255	152
6187735	187
6188166	190
6188602	126
6189034	92
6189476	81
6189901	46
6190323	31
6190742	45
6191159	60
6191559	63
6191953	-7
6192361	17
6192744	108
6193147	128
6193516	140
6193891	132
6194284	73
6194631	53
6195007	79
6195267	101
6195538	99
6195812	70
6196099	67
6196562	41
6196958	60
6197367	81
6197776	106
6198192	97
6198459	122
6198902	110
6199301	99
6199731	97
6200126	104
6200539	45
6200955	53
6201351	57
6201761	24
6202154	16
6202438	57
6202672	97
6202899	9
6203135	6
6203580	68
6204037	86
6204491	121
6204960	66
6205383	128
6205799	135
6206225	-6
6206642	57
6207059	78
6207458	86
6207876	99
6208268	63
6208662	46
6209053	74
6209439	79
6209845	89
6210226	119
6210633	112
6210920	135
6211359	129
6211720	128
6212152	112
6212561	112
6212973	92
6213377	75
6213773	41
6214190	-40
6214576	-18
6214966	-17
6215218	9
6215466	12
6215913	121
6216319	140
6216731	104
6217128	121
6217538	147
6217894	126
6218299	111
6218595	133
6218872	30
6219300	-28
6219709	-47
6220117	2
6220375	71
6220781	-43
6221192	-10
6221582	-47
6221990	34
6222395	144
6222788	100
6223173	89
6223568	146
6223946	169
6224337	155
6224609	256
6225049	133
6225454	28
6225877	17
6226265	75
6226659	79
6227063	82
6227448	49
6227855	-32
6228138	20
6228565	-12
6228844	22
6229115	57
6229368	101
6229603	168
6229849	162
6230275	99
6230709	136
6231121	110
6231559	96
6231971	111
6232400	119
6232807	95
6233240	66
6233660	96
6234059	181
6234447	152
6234863	117
6235246	139
6235641	130
6236026	129
6236412	52
6236825	124
6237201	135
6237607	86
6237927	67
6238206	64
6238629	11
6239044	35
6239408	57
6239663	48
6239891	22
6240113	-12
6240350	50
6240793	144
6241214	115
6241469	146
6241714	165
6241948	180
6242175	205
6242388	205
6242401	202
6242883	155
6243310	126
6243729	81
6244139	79
6244543	86
6244946	92
6245342	59
6245744	30
6246137	63
6246533	103
6246937	112
6247339	99
6247718	107
6248093	106
6248512	-23
6248908	17
6249331	86
6249612	56
6250045	22
6250430	-144
6250745	-115
6251179	-45
6251595	39
6252007	86
6252413	101
6252822	148
6253228	219
6253634	234
6253951	172
6254385	132
6254790	173
6255195	97
6255607	88
6255867	62
6256178	-14
6256609	38
6257050	77
6257477	48
6257912	44
6258340	52
6258794	100
6259217	126
6259639	139
6260042	132
6260393	70
6260641	48
6260870	5
6261099	26
6261543	82
6262013	49
6262515	44
6262972	84
6263440	99
6263879	101
6264322	15
6264745	-12
6265172	67
6265580	41
6265988	46
6266385	114
6266794	100
6267186	93
6267566	84
6267960	-51
6268348	56
6268610	84
6268849	62
6269291	-16
6269742	33
6270200	45
6270616	74
6271053	97
6271467	199
6271899	210
6272311	159
6272728	154
6273136	82
6273547	55
6273955	79
6274376	68
6274784	71
6275200	75
6275590	73
6275991	82
6276234	48
6276469	9
6276906	-6
6277323	89
6277754	22
6278154	-9
6278571	23
6278990	28
6279405	64
6279798	79
6280209	81
6280613	92
6281029	97
6281421	111
6281831	103
6282228	26
6282524	19
6282950	100
6283345	26
6283755	35
6284154	88
6284549	128
6284945	95
6285336	81
6285746	49
6286017	82
6286315	73
6286747	70
6287174	38
6287576	100
6287994	192
6288405	187
6288795	166
6289186	101
6289577	148
6289993	96
6290287	103
6290723	39
6291130	-31
6291490	59
6291913	-14
6292311	62
6292716	42
6292963	106
6293192	17
6293414	37
6293861	166
6294113	169
6294424	143
6294928	90
6295399	135
6295819	97
6296242	96
6296641	99
6297051	-16
6297468	33
6297895	77
6298314	46
6298749	37
6299150	-16
6299570	8
6300425	125
6300843	139
6301275	150
6301677	135
6302091	133
6302495	125
6302905	-112
6303297	28
6303714	85
6304090	-17
6304488	-32
6304884	-5
6305129	12
6305355	-89
6305571	-2
6305802	96
6306223	287
6306695	132
6307177	93
6307622	151
6308047	152
6308487	81
6308926	89
6309351	101
6309788	89
6310199	88
6310629	67
6311039	55
6311468	60
6311866	92
6312278	112
6312696	101
6313087	111
6313485	136
6313870	95
6314141	68
6314384	41
6314823	30
6315242	86
6315639	67
6316045	48
6316434	66
6316821	53
6317218	-35
6317621	46
6317930	146
6318357	129
6318669	136
6319114	79
6319514	63
6319931	104
6320310	0
6320710	-3
6321118	99
6321534	79
6321922	27
6322326	70
6322710	64
6323094	85
6323503	103
6323889	111
6324307	88
6324672	78
6325076	121
6325471	82
6325838	-20
6326133	129
6326373	260
6326600	154
6326829	106
6327285	136
6327764	60
6328223	33
6328661	62
6329093	103
6329514	126
6329942	139
6330350	144
6330761	165
6331172	135
6331582	119
6331988	121
6332394	117
6332799	81
6333225	74
6333625	68
6334044	86
6334410	100
6334824	97
6335216	97
6335511	46
6335947	-74
6336376	67
6336817	121
6337251	106
6337671	118
6338031	122
6338279	97
6338504	67
6338741	71
6339203	107
6339687	112
6340155	73
6340619	75
6341055	99
6341497	95
6341924	74
6342357	62
6342673	67
6343119	26
6343567	53
6344025	96
6344452	106
6344872	106
6345294	111
6345723	124
6346131	-32
6346546	-39
6346957	28
6347382	-13
6347704	93
6348127	88
6348532	70
6348951	82
6349358	100
6349779	111
6350133	119
6350535	129
6350948	151
6351360	147
6351772	125
6352168	125
6352550	15
6352978	-61
6353311	1
6353729	19
6354120	56
6354478	64
6354878	-6
6355277	48
6355714	100
6356107	119
6356518	97
6356902	99
6357317	55
6357696	147
6357947	150
6358167	114
6358398	122
6358839	104
6359312	1
6359792	12
6360262	53
6360677	97
6361136	104
6361561	129
6361855	151
6362318	59
6362778	53
6363255	124
6363718	165
6364170	55
6364600	33
6365034	59
6365473	64
6365907	56
6366333	42
6366758	158
6367160	184
6367584	130
6367996	111
6368398	100
6368808	107
6369154	89
6369569	11
6369966	52
6370386	23
6370758	-18
6371163	-42
6371564	23
6371973	46
6372330	63
6372751	42
6373085	56
6373436	66
6373679	161
6373907	197
6374133	192
6374578	168
6375048	174
6375505	81
6375941	84
6376380	81
6376813	103
6377241	90
6377633	82
6378063	103
6378473	125
6378882	126
6379284	133
6379670	139
6380080	148
6380478	108
6380885	103
6381270	108
6381665	101
6381993	95
6382406	85
6382786	86
6383196	17
6383566	15
6383957	23
6384374	22
6384748	35
6385180	1
6385555	49
6385957	81
6386236	49
6386660	8
6387037	140
6387450	104
6387754	108
6388163	62
6388563	-83
6388959	52
6389363	101
6389757	124
6390141	112
6390534	44
6390904	129
6391328	154
6391735	129
6392144	129
6392541	166
6392939	130
6393348	97
6393694	67
6394098	95
6394385	110
6394666	97
6395111	-7
6395528	42
6395939	59
6396353	22
6396769	135
6397174	184
6397567	140
6397964	111
6398389	139
6398793	86
6399050	16
6399523	104
6399959	89
6400411	30
6400822	53
6401262	81
6401689	114
6402122	96
6402531	100
6402966	92
6403369	115
6403786	107
6404199	135
6404622	86
6405017	126
6405423	151
6405805	150
6406203	107
6406591	82
6406989	62
6407387	56
6407787	1
6408160	73
6408563	41
6408866	50
6409276	42
6409548	52
6409975	46
6410234	57
6410689	143
6411107	173
6411531	161
6411928	99
6412334	92
6412731	50
6413125	60
6413533	68
6413953	-69
6414243	-43
6414475	-10
6414702	115
6414960	161
6415408	75
6415886	-9
6416359	71
6416796	104
6417249	99
6417682	42
6418123	100
6418542	128
6418969	89
6419381	82
6419795	104
6420199	1
6420608	63
6421011	56
6421398	52
6421806	73
6422194	71
6422594	78
6422874	114
6423302	114
6423682	110
6424086	85
6424470	93
6424849	165
6425189	114
6425475	103
6425899	-113
6426141	-93
6426372	-36
6426607	45
6427062	48
6427508	74
6427935	12
6428344	38
6428765	62
6429176	121
6429583	117
6429998	104
6430412	44
6430832	55
6431227	115
6431642	68
6432012	55
6432407	63
6432804	85
6433208	-100
6433625	85
6434019	97
6434431	75
6434810	104
6435207	128
6435590	136
6435977	132
6436357	148
6436653	92
6437083	114
6437471	84
6437873	85
6438142	81
6438552	45
6438959	8
6439376	26
6439760	66
6440167	88
6440557	103
6440951	92
6441372	148
6441769	140
6442188	130
6442590	121
6443000	41
6443382	39
6443788	34
6444102	59
6444513	-29
6444922	-39
6445353	27
6445750	44
6446170	16
6446554	50
6446935	68
6447342	199
6447649	217
6448074	166
6448483	100
6448892	86
6449272	103
6449687	79
6449978	90
6450405	-18
6450809	-75
6451223	34
6451620	28
6452015	64
6452447	107
6452857	108
6453296	101
6453703	137
6454128	169
6454513	126
6454928	119
6455237	140
6455664	-29
6456055	-5
6456472	88
6456866	82
6457262	103
6457568	126
6457989	67
6458356	100
6458622	78
6459070	2
6459461	192
6459889	150
6460268	115
6460680	93
6461047	82
6461452	82
6461851	70
6462232	78
6462638	90
6463036	-56
6463448	42
6463851	89
6464242	78
6464485	6
6464721	-53
6464972	121
6465456	140
6465893	38
6466352	129
6466775	165
6467222	107
6467630	81
6468064	70
6468472	50
6468851	67
6469252	60
6469668	33
6470083	63
6470493	31
6470923	38
6471195	11
6471636	92
6472049	195
6472480	129
6472875	107
6473273	130
6473675	92
6474086	31
6474483	-3
6474888	57
6475268	79
6475667	66
6476046	52
6476467	-108
6476846	103
6477115	122
6477370	-17
6477823	190
6478267	197
6478724	92
6479178	140
6479599	125
6480025	66
6480440	73
6480864	63
6481279	79
6481695	-24
6482102	78
6482510	85
6482916	89
6483181	114
6483610	77
6484020	139
6484481	132
6484739	126
6485172	53
6485606	68
6486047	49
6486450	67
6486863	66
6487131	82
6487387	97
6487854	85
6488263	78
6488697	68
6489099	79
6489516	119
6489904	121
6490303	100
6490620	103
6491072	99
6491476	103
6491905	28
6492310	55
6492707	35
6492999	33
6493432	23
6493843	-10
6494284	6
6494698	66
6495118	42
6495537	84
6495953	121
6496357	114
6496791	108
6497172	165
6497588	203
6497986	161
6498389	84
6498782	-12
6499186	-53
6499580	63
6499905	53
6500324	34
6500730	-6
6501134	67
6501535	92
6501973	129
6502371	126
6502789	135
6503179	141
6503594	132
6503895	130
6504322	101
6504728	74
6505128	48
6505538	74
6505922	75
6506332	-72
6506731	-5
6507149	82
6507525	99
6507938	78
6508326	81
6508730	129
6509122	205
6509540	148
6509944	144
6510335	148
6510730	128
6511136	85
6511525	75
6511925	48
6512310	88
6512719	-79
6513011	20
6513437	41
6513821	77
6514157	99
6514556	33
6514945	48
6515235	136
6515505	186
6515961	157
6516373	130
6516812	48
6517117	-9
6517559	26
6517972	129
6518407	78
6518828	55
6519253	-25
6519646	2
6520063	56
6520468	45
6520875	136
6521174	135
6521598	95
6521995	130
6522433	130
6522847	128
6523279	33
6523665	130
6524080	93
6524460	0
6524856	23
6525247	99
6525651	79
6526004	59
6526408	103
6526692	165
6526997	172
6527431	130
6527815	99
6528225	112
6528523	130
6528927	77
6529343	56
6529749	24
6530148	88
6530559	-54
6530986	39
6531379	22
6531799	62
6532089	79
6532553	2
6532978	67
6533419	115
6533842	162
6534259	130
6534674	115
6535082	139
6535480	124
6535883	70
6536275	68
6536683	78
6537074	-32
6537494	-5
6537822	64
6538229	45
6538609	4
6538982	60
6539378	143
6539757	146
6540157	130
6540493	151
6540861	150
6541117	137
6541347	106
6541566	176
6541775	-524
6541986	-2413
6542189	-4431
6542384	-7302
6542578	-3336
6542770	99
6542962	2193
6543150	2496
6543340	2237
6543527	2185
6543714	2076
6543900	1839
6544084	1678
6544268	1492
6544448	1226
6544629	1076
6544812	887
6544993	708
6545174	580
6545355	417
6545537	294
6545722	206
6545907	110
6546092	60
6546275	-9
6546460	-9
6546647	-9
6546833	-58
6547018	-105
6547202	-91
6547400	-47
6547769	-105
6547989	-23
6548206	-9
6548419	-2
6548627	1
6548840	52
6549264	50
6549668	46
6550001	57
6550248	53
6550481	112
6550706	141
6550932	141
6551396	117
6551827	96
6552157	97
6552409	124
6552661	187
6552905	188
6553142	172
6553382	152
6553884	86
6554323	125
6554771	118
6555145	132
6555583	107
6556009	50
6556470	85
6556893	104
6557331	90
6557599	137
6557832	24
6558055	-75
6558272	92
6558484	174
6558723	166
6559158	168
6559493	137
6559803	141
6560221	112
6560646	135
6561074	130
6561485	170
6561916	88
6562336	101
6562767	155
6563186	79
6563597	118
6564021	135
6564420	139
6564819	141
6565200	67
6565593	33
6566003	52
6566245	63
6566492	114
6566917	139
6567178	119
6567654	82
6568097	168
6568503	89
6568749	95
6568977	129
6569204	158
6569476	97
6569768	82
6570169	84
6570432	67
6570683	180
6570937	176
6571178	221
6571437	213
6571695	202
6571940	141
6572178	111
6572414	163
6572836	136
6573221	64
6573472	-220
6573711	365
6573938	337
6574166	392
6574401	340
6574655	312
6575063	172
6575343	173
6575606	155
6576055	93
6576481	77
6576909	78
6577335	85
6577724	188
6578140	70
6578558	8
6578983	2
6579388	63
6579800	71
6580205	99
6580631	92
6581044	111
6581298	89
6581532	122
6581798	128
6582037	119
6582311	133
6582559	140
6583106	100
6583592	95
6584054	96
6584524	64
6584973	82
6585436	110
6585863	93
6586322	67
6586753	55
6587169	82
6587600	46
6588002	86
6588433	66
6588849	60
6589274	0
6589666	60
6590066	90
6590483	100
6590887	140
6591318	124
6591721	96
6592137	108
6592549	84
6592940	88
6593339	85
6593632	136
6593892	157
6594135	139
6594383	141
6594836	75
6595086	162
6595483	155
6595727	172
6595961	172
6596219	166
6596728	129
6597190	112
6597649	53
6598083	81
6598533	66
6598966	74
6599380	95
6599787	150
6600216	111
6600623	133
6601044	143
6601429	128
6601849	101
6602249	104
6602674	84
6603073	81
6603480	70
6603881	66
6604282	74
6604710	97
6605102	135
6605508	103
6605907	115
6606320	119
6606711	124
6607127	92
6607518	75
6607915	111
6608339	97
6608602	106
6609042	110
6609448	75
6609903	82
6610348	119
6610813	96
6611247	103
6611686	68
6612120	88
6612566	62
6612970	77
6613380	90
6613803	75
6614208	95
6614642	100
6615043	110
6615477	104
6615876	114
6616312	117
6616719	82
6617132	89
6617525	119
6617922	124
6618326	112
6618705	124
6619115	110
6619412	137
6619680	169
6620134	143
6620596	96
6621044	84
6621472	77
6621893	86
6622302	96
6622720	162
6623152	126
6623580	104
6623991	108
6624418	107
6624824	108
6625234	101
6625662	106
6626075	97
6626512	56
6626929	68
6627347	73
6627751	107
6628166	84
6628552	115
6628945	110
6629317	121
6629738	93
6630079	107
6630515	99
6630909	125
6631335	106
6631739	92
6632151	71
6632539	106
6632938	118
6633351	129
6633765	132
6634165	115
6634564	124
6634976	96
6635356	111
6635772	106
6636179	96
6636605	64
6636984	101
6637426	85
6637834	88
6638266	81
6638656	95
6638929	126
6639370	184
6639809	152
6640253	112
6640693	111
6641103	93
6641525	77
6641945	57
6642357	90
6642766	96
6643193	77
6643592	117
6643998	122
6644390	133
6644787	110
6645184	88
6645583	133
6645991	139
6646390	81
6646799	52
6647179	68
6647580	42
6647952	63
6648285	99
6648540	163
6648781	168
6649044	86
6649305	96
6649744	90
6650215	139
6650695	88
6651148	82
6651601	88
6652047	56
6652503	31
6652941	64
6653383	93
6653793	107
6654232	85
6654629	99
6655051	100
6655454	124
6655868	147
6656270	107
6656647	147
6657073	84
6657476	86
6657901	67
6658307	103
6658724	96
6659118	99
6659511	118
6659909	106
6660261	132
6660673	155
6661001	279
6661419	192
6661720	230
6662171	39
6662582	62
6663002	73
6663394	67
6663815	86
6664223	100
6664644	143
6665033	106
6665456	163
6665837	9
6666254	30
6666633	78
6667031	150
6667447	90
6667848	70
6668269	57
6668602	119
6668978	99
6669228	112
6669476	-28
6669920	27
6670387	104
6670817	137
6671247	136
6671663	92
6672097	67
6672521	75
6672907	179
6673322	106
6673726	53
6674152	93
6674519	135
6674946	110
6675356	111
6675788	104
6676199	104
6676629	63
6677041	85
6677446	90
6677847	126
6678244	99
6678678	89
6679080	150
6679501	168
6679906	84
6680326	96
6680729	163
6681151	194
6681523	148
6681944	104
6682326	84
6682585	111
6682824	157
6683078	117
6683357	71
6683769	63
6684034	111
6684278	143
6684517	177
6685067	81
6685490	103
6685919	84
6686353	106
6686783	96
6687233	117
6687667	107
6688097	82
6688504	93
6688936	89
6689327	101
6689735	89
6690142	100
6690542	161
6690970	124
6691268	133
6691729	124
6692127	122
6692573	112
6692990	143
6693440	73
6693846	90
6694263	110
6694650	162
6694906	223
6695364	11
6695787	37
6696243	49
6696659	77
6697058	66
6697322	115
6697570	176
6698072	179
6698512	118
6698966	89
6699397	90
6699823	122
6700250	112
6700672	70
6701075	84
6701494	97
6701908	75
6702323	52
6702728	64
6703135	71
6703527	104
6703946	95
6704342	100
6704766	129
6705165	150
6705568	135
6705981	85
6706371	126
6706797	101
6707177	144
6707573	112
6707985	151
6708395	166
6708832	90
6709211	119
6709635	115
6710045	151
6710466	162
6710858	104
6711283	184
6711687	-29
6712102	16
6712491	125
6712901	90
6713287	117
6713659	90
6714022	161
6714268	165
6714506	26
6714942	37
6715418	66
6715874	90
6716322	103
6716752	111
6717188	103
6717609	119
6718035	121
6718436	163
6718842	100
6719257	177
6719667	38
6720080	99
6720485	96
6720890	86
6721284	75
6721709	101
6722114	107
6722527	111
6722937	135
6723359	119
6723728	100
6724152	89
6724564	150
6724964	188
6725393	147
6725644	210
6725872	268
6726106	194
6726377	112
6726623	154
6727117	124
6727601	112
6728075	67
6728510	112
6728952	97
6729378	96
6729817	96
6730247	95
6730667	101
6731097	162
6731518	163
6731954	74
6732364	114
6732792	103
6733210	101
6733488	118
6733948	103
6734396	106
6734846	107
6735262	133
6735688	194
6736112	16
6736540	49
6736941	93
6737349	88
6737658	112
6737963	140
6738418	97
6738880	60
6739324	73
6739783	71
6740185	93
6740628	81
6741026	107
6741447	108
6741863	125
6742295	115
6742674	154
6743111	278
6743525	133
6743934	85
6744344	130
6744749	151
6745170	108
6745564	73
6745978	56
6746379	60
6746790	66
6747204	101
6747609	139
6748022	129
6748429	79
6748835	82
6749186	110
6749455	212
6749896	17
6917081	10714
6959696	-8534
6959698	-9193
6959726	10871
7464760	-264
7464884	-7676
7665636	32767
7665645	24855
7665654	11046
8100037	63
8100474	53
8100947	73
8101378	84
8101838	126
8102265	92
8102682	93
8103121	99
8103541	71
8103954	82
8104367	45
8104767	73
8105180	48
8105581	70
8106010	38
8106299	66
8106573	64
8107026	0
8107420	38
8107863	95
8108277	122
8108712	74
8109051	112
8109504	41
8109777	66
8110221	34
8110690	114
8111155	130
8111604	92
8112042	92
8112462	-10
8112887	93
8113323	50
8113738	60
8114172	84
8114551	112
8114984	67
8115397	46
8115725	95
8116141	103
8116562	107
8116971	114
8117387	88
8117804	75
8118168	53
8118597	34
8118912	90
8119320	161
8119736	20
8120121	97
8120547	124
8120945	166
8121365	77
8121754	129
8122196	79
8122615	121
8123040	111
8123456	121
8123849	95
8124241	55
8124621	114
8125039	64
8125419	82
8125853	74
8126253	125
8126696	68
8127111	184
8127519	148
8127797	137
8128249	179
8128662	206
8129073	169
8129510	136
8129938	124
8130344	112
8130771	75
8131186	66
8131598	111
8131999	67
8132300	101
8132729	64
8133138	96
8133558	77
8133942	143
8134346	150
8134750	64
8135043	100
8135490	84
8135905	100
8136321	68
8136697	174
8137123	135
8137507	129
8137928	99
8138319	128
8138747	93
8139157	75
8139526	100
8139970	37
8140372	57
8140820	50
8141226	79
8141666	31
8141996	79
8142436	73
8142856	95
8143292	115
8143733	37
8144139	19
8144574	82
8144962	137
8145364	68
8145703	117
8146129	24
8146384	144
8146852	90
8147285	97
8147739	88
8148141	111
8148564	38
8148985	150
8149430	130
8149842	147
8150278	49
8150689	106
8151124	93
8151534	71
8151930	78
8152345	59
8152672	124
8153101	85
8153503	71
8153901	82
8154308	49
8154709	37
8155118	30
8155524	78
8155936	68
8156357	89
8156784	86
8157191	92
8157603	136
8157919	119
8158359	150
8158820	146
8159264	89
8159666	119
8160114	84
8160504	82
8160925	57
8161313	136
8161735	93
8162010	112
8162455	62
8162868	68
8163288	45
8163690	81
8164143	71
8164575	93
8165004	55
8165440	92
8165911	59
8166322	106
8166775	53
8167191	53
8167600	85
8168025	64
8168423	62
8168853	24
8169200	37
8169640	74
8169992	148
8170453	90
8170852	104
8171275	82
8171694	66
8172119	89
8172558	55
8172972	78
8173402	52
8173805	96
8174239	35
8174615	49
8175025	90
8175433	70
8175809	79
8176234	35
8176523	99
8176957	88
8177390	90
8177846	38
8178270	97
8178704	100
8179099	140
8179518	133
8179950	60
8180349	79
8180772	42
8181140	64
8181455	34
8181879	71
8182323	37
8182723	86
8183142	45
8183414	108
8183874	33
8184316	92
8184804	73
8185195	108
8185656	57
8186054	108
8186487	56
8186921	70
8187338	49
8187716	106
8188169	77
8188581	96
8188996	92
8189415	63
8189825	108
8190230	84
8190623	115
8191044	46
8191399	93
8191798	52
8192074	75
8192509	77
8192968	57
8193380	44
8193791	70
8194249	85
8194679	60
8195105	78
8195536	121
8195973	77
8196391	66
8196798	75
8197224	42
8197517	124
8197964	46
8198388	79
8198828	84
8199281	101
8199639	63
8199984	82
8200442	46
8200843	68
8201267	59
8201689	75
8202101	99
8202508	63
8202904	110
8203316	52
8203621	119
8204051	67
8204471	59
8204875	52
8205316	9
8205611	50
8206072	106
8206495	181
8206960	125
8207366	155
8207805	74
8208225	121
8208658	89
8209026	100
8209444	106
8209861	82
8210136	117
8210571	49
8210873	48
8211319	75
8211771	68
8212196	79
8212636	15
8213021	78
8213460	70
8213856	136
8214307	97
8214719	137
8215148	101
8215564	45
8215966	46
8216383	24
8216701	95
8217153	85
8217550	49
8217947	96
8218373	42
8218779	115
8219205	70
8219613	97
8220037	70
8220443	104
8220886	66
8221286	70
8221709	56
8222016	97
8222468	53
8222881	34
8223301	66
8223732	103
8224152	75
8224578	67
8224994	103
8225425	79
8225811	88
8226250	49
8226639	104
8227069	71
8227479	45
8227900	-12
8228175	28
8228614	108
8229059	85
8229477	93
8229941	48
8230334	86
8230774	44
8231157	95
8231588	41
8231905	67
8232352	50
8232766	111
8233200	90
8233623	42
8234059	42
8234494	70
8234888	86
8235302	55
8235554	99
8235828	96
8236071	90
8236297	132
8236515	146
8236727	-231
8236935	-761
8237136	-414
8237343	-3035
8237542	-1414
8237740	-328
8237935	-204
8238130	-104
8238325	-175
8238521	-100
8238714	86
8238909	257
8239102	431
8239295	566
8239486	632
8239678	633
8239870	611
8240066	570
8240283	519
8240581	398
8240887	301
8241198	237
8241496	180
8241821	177
8242172	124
8242453	77
8242681	-293
8242892	-175
8243091	11
8243291	16
8243490	45
8243771	86
8243995	44
8244264	132
8244501	195
8244738	208
8245237	106
8245692	39
8246171	59
8246630	35
8247131	16
8247578	45
8248063	99
8248557	100
8249066	75
8249561	93
8250077	2
8250564	20
8251066	30
8251533	74
8252028	59
8252479	117
8252949	97
8253360	92
8253832	55
8254250	128
8254516	169
8254998	108
8255472	133
8255969	115
8256444	86
8256924	111
8257365	26
8257838	118
8258315	124
8258762	118
8259209	95
8259685	86
8260115	135
8260566	111
8261002	88
8261448	77
8261907	112
8262347	85
8262802	85
8263233	112
8263673	68
8264079	122
8264496	124
8264937	92
8265338	147
8265784	115
8266209	128
8266649	111
8267071	96
8267514	108
8267958	110
8268400	103
8268833	68
8269273	49
8269685	115
8269929	136
8270155	180
8270389	165
8270827	95
8271301	106
8271569	106
8272093	45
8272559	73
8273035	66
8273504	66
8273975	118
8274433	78
8274883	75
8275348	55
8275769	92
8276236	111
8276660	119
8277104	125
8277577	86
8277981	119
8278452	16
8278867	110
8279309	143
8279742	89
8280173	119
8280640	70
8281070	95
8281507	85
8281932	107
8282387	63
8282803	89
8283237	101
8283655	88
8284083	107
8284509	103
8284932	92
8285383	85
8285819	110
8286263	107
8286716	88
8287145	73
8287569	82
8288007	60
8288437	86
8288882	73
8289303	117
8289746	100
8290143	81
8290570	88
8291006	-7
8291414	107
8291848	84
8292249	133
8292687	95
8293042	143
8293286	155
8293515	151
8293737	124
8293958	35
8294172	16
8294385	-115
8294592	799
8294790	2225
8294803	2324
8295002	1434
8295014	1397
8295225	1179
8295418	895
8295430	927
8295636	643
8295842	389
8296035	181
8296047	173
8296249	44
8296441	22
8296453	23
8296646	-6
8296659	-10
8296867	-67
8297067	-34
8297080	-35
8297445	-57
8297817	-29
8298185	-38
8298562	-10
8298979	2
8299383	4
8299791	16
8300214	-46
8300514	48
8300963	44
8301395	56
8301877	49
8302307	74
8302319	68
8302805	82
8303284	67
8303744	70
8304216	82
8304713	39
8305186	45
8305635	62
8306126	49
8306560	66
8307017	66
8307454	55
8307902	73
8308362	75
8308805	68
8309257	62
8309750	49
8310072	52
8310515	34
8310972	77
8311430	67
8311917	46
8312384	71
8312861	57
8313319	101
8313783	67
8314227	89
8314674	82
8315091	110
8315546	-3
8315985	100
8316455	111
8316897	124
8317357	81
8317800	92
8318257	95
8318691	88
8319132	78
8319579	84
8320016	95
8320452	90
8320889	95
8321320	96
8321736	106
8322192	67
8322629	101
8323102	82
8323557	96
8324011	49
8324449	84
8324910	57
8325356	81
8325808	62
8326225	84
8326678	30
8327096	84
8327550	59
8327989	48
8328437	85
8328872	81
8329311	89
8329743	53
8330152	71
8330588	34
8331015	52
8331471	67
8331737	133
8332205	88
8332653	148
8333127	124
8333569	95
8333997	114
8334470	84
8334909	119
8335346	95
8335786	73
8336242	59
8336676	48
8337114	60
8337459	52
8337724	16
8337998	34
8338461	17
8338898	143
8339367	124
8339841	139
8340269	122
8340570	155
8341077	90
8341552	103
8342034	78
8342486	71
8342943	46
8343376	38
8343836	24
8344240	56
8344672	158
8345123	95
8345555	73
8346004	62
8346409	111
8346871	95
8347314	96
8347785	60
8348223	108
8348682	77
8349088	110
8349549	31
8349995	71
8350457	60
8350883	71
8351311	62
8351752	104
8352198	90
8352531	128
8352817	141
8353070	126
8353307	177
8353320	179
8353780	114
8354026	139
8354039	135
8354543	67
8354973	73
8355438	70
8355895	62
8356324	95
8356791	59
8357231	68
8357689	67
8358129	106
8358561	100
8358988	68
8359410	93
8359872	60
8360329	92
8360811	53
8361251	92
8361731	50
8362161	99
8362624	6
8363058	50
8363510	67
8363960	62
8364385	88
8364855	86
8365173	117
8365616	37
8365875	85
8366116	108
8366380	107
8366630	152
8366642	136
8366881	158
8366894	151
8367400	90
8367878	90
8368368	99
8368827	111
8369293	84
8369752	52
8370204	93
8370676	95
8371113	104
8371570	85
8372023	60
8372287	95
8372752	50
8373233	63
8373732	31
8374227	96
8374749	67
8375212	89
8375697	79
8376164	71
8376635	56
8377076	93
8377576	15
8377994	27
8378451	64
8378911	85
8379355	77
8379795	77
8380262	68
8380702	60
8381137	93
8381584	82
8381992	111
8382430	97
8382841	92
8383271	59
8383710	64
8384140	103
8384594	53
8385011	92
8385469	38
8385907	89
8386377	63
8386809	112
8387277	100
8387694	110
8388135	84
8388572	103
8389048	52
8389466	89
8389918	67
8390321	110
8390765	79
8391196	88
8391624	122
8392061	133
8392498	95
8392941	56
8393378	79
8393821	52
8394216	93
8394674	30
8395113	66
8395583	60
8396002	50
8396461	-14
8396881	84
8397322	37
8397751	89
8398200	68
8398585	117
8399014	90
8399419	60
8399843	88
8400300	50
8400731	104
8401187	96
8401622	114
8402082	93
8402499	103
8402949	81
8403373	106
8403649	82
8404113	86
8404561	73
8405037	85
8405519	78
8405982	106
8406451	41
8406900	59
8407360	79
8407786	84
8408215	71
8408661	37
8409112	49
8409544	93
8409999	77
8410428	125
8410870	74
8411303	110
8411754	85
8412182	103
8412636	81
8413047	92
8413489	20
8413915	66
8414352	67
8414644	68
8414896	129
8415350	117
8415599	122
8415820	162
8415833	161
8416288	112
8416760	64
8417239	104
8417708	85
8418174	96
8418630	70
8419084	52
8419554	12
8419963	70
8420415	-123
8420853	-76
8421321	-5
8421732	88
8422189	84
8422636	125
8423098	101
8423545	148
8424005	118
8424439	125
8424896	23
8425322	20
8425765	124
8426198	67
8426619	41
8426992	82
8427271	35
8427725	-14
8428148	84
8428621	50
8429044	117
8429495	140
8429930	159
8430392	124
8430828	135
8431275	139
8431699	136
8432150	44
8432596	52
8433044	79
8433484	68
8433737	93
8433973	13
8434208	88
8434478	161
8434491	144
8434742	206
8434977	274
8434990	261
8435256	259
8435507	238
8435752	203
8435985	293
8436211	286
8436431	197
8436647	165
8436860	-94
8437070	-309
8437274	-313
8437480	-257
8437686	-164
8437891	-91
8438093	-79
8438298	-120
8438506	-85
8438728	-16
8439081	60
8439425	99
8439777	130
8440155	107
8440513	56
8440867	20
8441263	86
8441526	151
8441778	165
8442232	20
8442675	130
8443149	97
8443589	111
8444025	67
8444270	154
8444510	162
8444800	99
8445066	143
8445334	176
8445976	70
8446489	60
8446996	56
8447470	66
8447966	75
8448440	12
8448911	53
8449380	48
8449828	-113
8450302	27
8450738	60
8451210	34
8451654	90
8452107	-16
8452541	122
8453003	110
8453437	101
8453895	111
8454322	66
8454771	9
8455227	92
8455677	59
8456114	108
8456570	100
8456998	-17
8457440	104
8457875	110
8458298	136
8458731	74
8459140	48
8459575	71
8459969	90
8460389	60
8460825	55
8461252	168
8461700	88
8462130	106
8462595	64
8463011	107
8463450	151
8463875	162
8464319	114
8464765	35
8465185	74
8465638	99
8466084	140
8466546	70
8466987	122
8467452	95
8467882	86
8468316	-18
8468740	48
8469171	89
8469582	114
8470026	122
8470454	89
8470864	-5
8471323	30
8471742	89
8472195	37
8472598	79
8473039	118
8473448	139
8473886	147
8474298	124
8474702	8
8475129	28
8475550	19
8475988	70
8476423	128
8476868	125
8477282	96
8477737	19
8478176	62
8478598	97
8479026	168
8479474	124
8479896	128
8480342	66
8480762	86
8481198	-13
8481610	35
8482029	74
8482440	112
8482847	192
8483243	110
8483661	103
8484068	154
8484507	110
8484944	157
8485411	103
8485824	114
8486276	97
8486697	56
8487116	63
8487523	28
8487912	63
8488340	63
8488622	125
8489087	64
8489532	62
8490014	37
8490442	82
8490921	6
8491365	34
8491819	78
8492263	114
8492685	146
8493119	124
8493485	141
8493954	30
8494374	45
8494841	-14
8495290	81
8495735	62
8496166	39
8496591	90
8497026	89
8497340	114
8497807	117
8498244	59
8498709	4
8499122	77
8499577	-20
8499962	35
8500386	81
8500820	111
8501245	114
8501697	88
8502127	101
8502575	28
8502991	62
8503442	59
8503861	73
8504307	101
8504728	103
8505158	78
8505593	2
8506001	93
8506448	41
8506865	99
8507318	38
8507733	67
8508180	12
8508580	6
8509029	-7
8509460	60
8509897	136
8510325	169
8510718	165
8511031	137
8511296	151
8511751	8
8512177	33
8512613	15
8513034	33
8513445	81
8513874	86
8514287	84
8514734	86
8514985	176
8515223	186
8515669	68
8516152	59
8516635	89
8517125	135
8517594	119
8518066	78
8518520	64
8518979	56
8519438	55
8519874	84
8520321	41
8520754	78
8521202	95
8521608	66
8522036	45
8522459	31
8522900	73
8523318	97
8523757	117
8524181	71
8524595	93
8525027	86
8525398	111
8525835	66
8526134	45
8526593	46
8526920	107
8527398	22
8527872	74
8528352	73
8528759	89
8529217	8
8529672	52
8530152	60
8530600	90
8531073	81
8531521	107
8531999	59
8532420	78
8532868	79
8533286	77
8533714	62
8534148	52
8534574	81
8535019	46
8535426	77
8535850	84
8536261	63
8536672	60
8537097	42
8537504	115
8537926	77
8538329	112
8538756	64
8539056	112
8539496	93
8539897	107
8540318	101
8540729	95
8541151	89
8541582	75
8542017	77
8542480	46
8542908	75
8543371	77
8543818	93
8544291	75
8544723	71
8545187	-40
8545628	46
8546106	-2
8546508	97
8546974	78
8547387	0
8547840	2
8548255	70
8548684	115
8549129	95
8549451	135
8549909	79
8550384	75
8550849	55
8551270	92
8551737	111
8552161	119
8552605	125
8553078	86
8553482	119
8553953	16
8554368	110
8554810	143
8555243	89
8555674	119
8556141	70
8556571	95
8557008	85
8557433	107
8557888	63
8558304	89
8558738	101
8559156	88
8559584	107
8560010	103
8560433	92
8560884	85
8561320	110
8561764	107
8562217	88
8562646	73
8563070	82
8563508	60
8563938	86
8564383	73
8564804	117
8565247	100
8565644	81
8566071	88
8566507	-7
8566915	107
8567349	84
8567750	133
8568188	95
8568543	143
8568787	155
8569016	151
8569238	124
8569459	35
8569673	16
8569886	-115
8570304	2324
8570515	1397
8570726	1179
8570931	927
8571137	643
8571343	389
8571548	173
8571750	44
8571954	23
8572160	-10
8572368	-67
8572581	-35
8572946	-57
8573318	-29
8573686	-38
8574063	-10
8574480	2
8574884	4
8575292	16
8575715	-46
8576015	48
8576464	44
8576896	56
8577378	49
8577820	68
8578306	82
8578785	67
8579245	70
8579717	82
8580214	39
8580687	45
8581136	62
8581627	49
8582061	66
8582518	66
8582955	55
8583403	73
8583863	75
8584306	68
8584758	62
8585251	49
8585573	52
8586016	34
8586473	77
8586931	67
8587418	46
8587885	71
8588362	57
8588820	101
8589284	67
8589728	89
8590175	82
8590592	110
8591047	-3
8591486	100
8591956	111
8592398	124
8592858	81
8593301	92
8593758	95
8594192	88
8594633	78
8595080	84
8595517	95
8595953	90
8596390	95
8596821	96
8597237	106
8597693	67
8598130	101
8598603	82
8599058	96
8599512	49
8599950	84
8600411	57
8600857	81
8601309	62
8601726	84
8602179	30
8602597	84
8603051	59
8603490	48
8603938	85
8604373	81
8604812	89
8605244	53
8605653	71
8606089	34
8606516	52
8606972	67
8607238	133
8607706	88
8608154	148
8608628	124
8609070	95
8609498	114
8609971	84
8610410	119
8610847	95
8611287	73
8611743	59
8612177	48
8612615	60
8612960	52
8613225	16
8613499	34
8613962	17
8614399	143
8614868	124
8615342	139
8615770	122
8616071	155
8616578	90
8617053	103
8617535	78
8617987	71
8618444	46
8618877	38
8619337	24
8619741	56
8620173	158
8620624	95
8621056	73
8621505	62
8621910	111
8622372	95
8622815	96
8623286	60
8623724	108
8624183	77
8624589	110
8625050	31
8625496	71
8625958	60
8626384	71
8626812	62
8627253	104
8627699	90
8628032	128
8628318	141
8628571	126
8628821	179
8629281	114
8629540	135
8630044	67
8630474	73
8630939	70
8631396	62
8631825	95
8632292	59
8632732	68
8633190	67
8633630	106
8634062	100
8634489	68
8634911	93
8635373	60
8635830	92
8636312	53
8636752	92
8637232	50
8637662	99
8638125	6
8638559	50
8639011	67
8639461	62
8639886	88
8640356	86
8640674	117
8641117	37
8641376	85
8641617	108
8641881	107
8642143	136
8642395	151
8642901	90
8643379	90
8643869	99
8644328	111
8644794	84
8645253	52
8645705	93
8646177	95
8646614	104
8647071	85
8647524	60
8647788	95
8648253	50
8648734	63
8649233	31
8649728	96
8650250	67
8650713	89
8651198	79
8651665	71
8652136	56
8652577	93
8653077	15
8653495	27
8653952	64
8654412	85
8654856	77
8655296	77
8655763	68
8656203	60
8656638	93
8657085	82
8657493	111
8657931	97
8658342	92
8658772	59
8659211	64
8659641	103
8660095	53
8660512	92
8660970	38
8661408	89
8661878	63
8662310	112
8662778	100
8663195	110
8663636	84
8664073	103
8664549	52
8664967	89
8665419	67
8665822	110
8666266	79
8666697	88
8667125	122
8667562	133
8667999	95
8668442	56
8668879	79
8669322	52
8669717	93
8670175	30
8670614	66
8671084	60
8671503	50
8671962	-14
8672382	84
8672823	37
8673252	89
8673701	68
8674086	117
8674515	90
8674920	60
8675344	88
8675801	50
8676232	104
8676688	96
8677123	114
8677583	93
8678000	103
8678450	81
8678874	106
8679150	82
8679614	86
8680062	73
8680538	85
8681020	78
8681483	106
8681952	41
8682401	59
8682861	79
8683287	84
8683716	71
8684162	37
8684613	49
8685045	93
8685500	77
8685929	125
8686371	74
8686804	110
8687255	85
8687683	103
8688137	81
8688548	92
8688990	20
8689416	66
8689853	67
8690145	68
8690397	129
8690851	117
8691100	122
8691334	161
8691789	112
8692261	64
8692740	104
8693209	85
8693675	96
8694131	70
8694585	52
8695055	12
8695464	70
8695916	-123
8696354	-76
8696822	-5
8697233	88
8697690	84
8698137	125
8698599	101
8699046	148
8699506	118
8699940	125
8700397	23
8700823	20
8701266	124
8701699	67
8702120	41
8702493	82
8702772	35
8703226	-14
8703649	84
8704122	50
8704545	117
8704996	140
8705431	159
8705893	124
8706329	135
8706776	139
8707200	136
8707651	44
8708097	52
8708545	79
8708985	68
8709238	93
8709474	13
8709709	88
8709992	144
8710243	206
8710491	261
8710757	259
8711008	238
8711253	203
8711486	293
8711712	286
8712361	-94
8712571	-309
8712775	-313
8712981	-257
8713187	-164
8713392	-91
8713594	-79
8713799	-120
8714007	-85
8714229	-16
8714582	60
8714926	99
8715278	130
8715656	107
8716014	56
8716368	20
8716764	86
8717027	151
8717279	165
8717733	20
8718176	130
8718650	97
8719090	111
8719526	67
8719771	154
8720011	162
8720301	99
8720567	143
8720835	176
8721477	70
8721990	60
8722497	56
8722971	66
8723467	75
8723941	12
8724412	53
8724881	48
8725329	-113
8725803	27
8726239	60
8726711	34
8727155	90
8727608	-16
8728042	122
8728504	110
8728938	101
8729396	111
8729823	66
8730272	9
8730728	92
8731178	59
8731615	108
8732071	100
8732499	-17
8732941	104
8733376	110
8733799	136
8734232	74
8734641	48
8735076	71
8735470	90
8735890	60
8736326	55
8736753	168
8737201	88
8737631	106
8738096	64
8738512	107
8738951	151
8739376	162
8739820	114
8740266	35
8740686	74
8741139	99
8741585	140
8742047	70
8742488	122
8742953	95
8743383	86
8743817	-18
8744241	48
8744672	89
8745083	114
8745527	122
8745955	89
8746365	-5
8746824	30
8747243	89
8747696	37
8748099	79
8748540	118
8748949	139
8749387	147
8749799	124
8750203	8
8750630	28
8751051	19
8751489	70
8751924	128
8752369	125
8752783	96
8753238	19
8753677	62
8754099	97
8754527	168
8754975	124
8755397	128
8755843	66
8756263	86
8756699	-13
8757111	35
8757530	74
8757941	112
8758348	192
8758744	110
8759162	103
8759569	154
8760008	110
8760445	157
8760912	103
8761325	114
8761777	97
8762198	56
8762617	63
8763024	28
8763413	63
8763841	63
8764123	125
8764588	64
8765033	62
8765515	37
8765943	82
8766422	6
8766866	34
8767320	78
8767764	114
8768186	146
8768620	124
8768986	141
8769455	30
8769875	45
8770342	-14
8770791	81
8771236	62
8771667	39
8772092	90
8772527	89
8772841	114
8773308	117
8773745	59
8774210	4
8774623	77
8775078	-20
8775463	35
8775887	81
8776321	111
8776746	114
8777198	88
8777628	101
8778076	28
8778492	62
8778943	59
8779362	73
8779808	101
8780229	103
8780659	78
8781094	2
8781502	93
8781949	41
8782366	99
8782819	38
8783234	67
8783681	12
8784081	6
8784530	-7
8784961	60
8785398	136
8785826	169
8786219	165
8786532	137
8786797	151
8787252	8
8787678	33
8788114	15
8788535	33
8788946	81
8789375	86
8789788	84
8790235	86
8790486	176
8790724	186
8791170	68
8791653	59
8792136	89
8792626	135
8793095	119
8793567	78
8794021	64
8794480	56
8794939	55
8795375	84
8795822	41
8796255	78
8796703	95
8797109	66
8797537	45
8797960	31
8798401	73
8798819	97
8799258	117
8799682	71
8800096	93
8800528	86
8800899	111
8801336	66
8801635	45
8802094	46
8802421	107
8802899	22
8803373	74
8803853	73
8804260	89
8804718	8
8805173	52
8805653	60
8806101	90
8806574	81
8807022	107
8807500	59
8807921	78
8808369	79
8808787	77
8809215	62
8809649	52
8810075	81
8810520	46
8810927	77
8811351	84
8811762	63
8812173	60
8812598	42
8813005	115
8813427	77
8813830	112
8814257	64
8814557	112
8814997	93
8815398	107
8815819	101
8816230	95
8816652	89
8817083	75
8817518	77
8817981	46
8818409	75
8818872	77
8819319	93
8819792	75
8820224	71
8820688	-40
8821129	46
8821607	-2
8822009	97
8822475	78
8822888	0
8823341	2
8823756	70
8824185	115
8824630	95
8824952	135
8825410	79
8825820	107
8826280	-36
8826692	-5
8827126	12
8827541	62
8827947	67
8828222	89
8828651	86
8829075	81
8829498	92
8829948	82
8830344	107
8830797	86
8831190	112
8831439	130
8831682	85
8831966	5
8832426	16
8832891	41
8833170	114
8833416	90
8833649	208
8833873	146
8835537	-125
8835950	902
8836146	202
8836339	-499
8836533	-771
8836725	-813
8836914	-990
8837106	-1050
8837307	-1067
8840155	-57
8840380	-56
8840612	-13
8841023	-50
8841473	2
8841914	-21
8842367	22
8842634	41
8842911	38
8843898	9
8844386	-9
8855678	46
8856386	0
8856638	136
8857047	38
8857706	125
8858673	81
8866605	90
8867476	79
8868582	133
8868842	133
8869095	159
8869808	57
8870068	-20
8870320	50
8870585	95
8871133	157
8871373	163
8876494	136
8877399	100
8878315	73
8879187	103
8880055	78
8881790	39
8887995	111
8888261	130
8900833	107
8901540	1
8902479	81
8903393	122
8905165	118
8910825	96
8915330	99
8915573	190
8915828	129
8916261	82
8916559	103
8917017	154
8917321	399
8917564	782
8917796	2051
8918459	-1272
8918678	-882
8919106 -625
8923033	124
8923256	158
8923715	110
8923966	119
8924237	88
8924724	56
8925008	59
8925269	73
8925517	115
8941160	137
8942101	151
8959336	117
8993987	84
8994302	92
8996605	68
8996844	111
8997330	180
8997782	316
8998017	369
8998263	186
8998498	-17
8998727	-96